received_timestamp,complete_response_time,success_rate,success,worker_idx,request_idx,global_request_id
20261004T022938,26128.62208,100.0,True,2,0,2:0
20261004T022940,28481.297664,100.0,True,1,0,1:0
20261004T022944,27311.285504,100.0,True,0,1,0:1
20261004T022947,34594.763776,100.0,True,0,0,0:0
20261004T022950,38117.13664,100.0,True,3,0,3:0
20261004T022952,31612.295424,100.0,True,1,2,1:2
20261004T022955,37692.39936,100.0,True,3,1,3:1
20261004T022955,34474.977792,100.0,True,3,2,3:2
20261004T022956,33331.148032,100.0,True,0,2,0:2
20261004T022956,32817.776896,100.0,True,2,2,2:2
20261004T022958,34100.083712,100.0,True,3,3,3:3
20261004T023000,44160.301824,100.0,True,1,1,1:1
20261004T023005,46760.796672,100.0,True,2,1,2:1
20261004T023009,36286.324224,100.0,True,0,4,0:4
20261004T023009,44768.03456,100.0,True,1,3,1:3
20261004T023009,34479.78112,100.0,True,1,5,1:5
20261004T023011,37898.742784,100.0,True,2,4,2:4
20261004T023015,46535.238656,100.0,True,2,3,2:3
20261004T023019,38110.05568,100.0,True,1,6,1:6
20261004T023019,49736.431872,100.0,True,3,4,3:4
20261004T023020,41992.710912,100.0,True,0,5,0:5
20261004T023020,46330.273536,100.0,True,3,5,3:5
20261004T023022,53077.01376,100.0,True,0,3,0:3
20261004T023022,34379.169536,100.0,True,1,7,1:7
20261004T023023,53335.993344,100.0,True,1,4,1:4
20261004T023023,39128.873216,100.0,True,3,7,3:7
20261004T023025,37341.209856,100.0,True,2,7,2:7
20261004T023026,47521.226496,100.0,True,2,5,2:5
20261004T023033,48982.816768,100.0,True,0,6,0:6
20261004T023033,52976.925184,100.0,True,3,6,3:6
20261004T023034,36037.551104,100.0,True,3,10,3:10
20261004T023037,43168.980736,100.0,True,0,8,0:8
20261004T023038,54777.214976,100.0,True,2,6,2:6
20261004T023041,53055.50464,100.0,True,3,8,3:8
20261004T023042,37529.953024,100.0,True,0,10,0:10
20261004T023043,54340.476416,100.0,True,0,7,0:7
20261004T023044,37635.922688,100.0,True,1,11,1:11
20261004T023045,53337.206528,100.0,True,1,8,1:8
20261004T023045,42450.511616,100.0,True,1,10,1:10
20261004T023045,40497.513728,100.0,True,2,10,2:10
20261004T023046,47767.817472,100.0,True,1,9,1:9
20261004T023047,54062.0864,100.0,True,2,8,2:8
20261004T023050,57487.73376,100.0,True,3,9,3:9
20261004T023051,51445.600768,100.0,True,0,9,0:9
20261004T023051,39351.956224,100.0,True,1,12,1:12
20261004T023054,46071.845888,100.0,True,0,11,0:11
20261004T023054,44161.229056,100.0,True,2,11,2:11
20261004T023056,39233.000448,100.0,True,1,13,1:13
20261004T023056,56772.369152,100.0,True,2,9,2:9
20261004T023100,47696.361984,100.0,True,0,12,0:12
20261004T023100,38996.137472,100.0,True,0,14,0:14
20261004T023101,44475.4432,100.0,True,0,13,0:13
20261004T023101,59247.471104,100.0,True,3,11,3:11
20261004T023102,43591.193088,100.0,True,3,14,3:14
20261004T023105,38093.690624,100.0,True,1,15,1:15
20261004T023108,54937.897216,100.0,True,2,12,2:12
20261004T023108,59401.45024,100.0,True,3,12,3:12
20261004T023109,41899.251968,100.0,True,2,15,2:15
20261004T023110,39556.497152,100.0,True,0,16,0:16
20261004T023111,53584.631808,100.0,True,2,13,2:13
20261004T023111,43571.317248,100.0,True,3,16,3:16
20261004T023114,59837.986304,100.0,True,3,13,3:13
20261004T023115,52526.13248,100.0,True,2,14,2:14
20261004T023117,41439.079936,100.0,True,0,17,0:17
20261004T023119,47881.093888,100.0,True,3,17,3:17
20261004T023121,58303.57504,100.0,True,1,14,1:14
20261004T023122,44082.347264,100.0,True,2,17,2:17
20261004T023122,41146.848,100.0,True,3,19,3:19
20261004T023123,58534.946304,100.0,True,0,15,0:15
20261004T023123,60800.898304,100.0,True,3,15,3:15
20261004T023125,53768.294912,100.0,True,2,16,2:16
20261004T023133,43936.920832,100.0,True,1,20,1:20
20261004T023134,61491.555584,100.0,True,1,16,1:16
20261004T023134,56290.680576,100.0,True,1,17,1:17
20261004T023136,55562.351872,100.0,True,0,18,0:18
20261004T023136,59512.574976,100.0,True,3,18,3:18
20261004T023137,55443.721472,100.0,True,1,18,1:18
20261004T023138,40307.007488,100.0,True,2,21,2:21
20261004T023138,54226.789888,100.0,True,3,20,3:20
20261004T023142,56696.357632,100.0,True,1,19,1:19
20261004T023145,50835.759616,100.0,True,3,22,3:22
20261004T023147,52281.032192,100.0,True,0,21,0:21
20261004T023147,58266.83264,100.0,True,2,19,2:19
20261004T023148,47675.407616,100.0,True,0,22,0:22
20261004T023148,64188.082432,100.0,True,2,18,2:18
20261004T023148,55117.682944,100.0,True,2,20,2:20
20261004T023149,63852.114688,100.0,True,0,19,0:19
20261004T023149,41900.07296,100.0,True,3,25,3:25
20261004T023151,44562.306048,100.0,True,1,23,1:23
20261004T023151,61598.87488,100.0,True,3,21,3:21
20261004T023152,56534.828288,100.0,True,1,21,1:21
20261004T023154,64606.389504,100.0,True,0,20,0:20
20261004T023156,47733.718016,100.0,True,2,23,2:23
20261004T023156,57336.644608,100.0,True,3,23,3:23
20261004T023157,51405.399296,100.0,True,0,23,0:23
20261004T023158,57672.794624,100.0,True,1,22,1:22
20261004T023159,49205.961216,100.0,True,0,24,0:24
20261004T023201,42852.774656,100.0,True,0,26,0:26
20261004T023201,58671.24096,100.0,True,3,24,3:24
20261004T023201,42532.139008,100.0,True,3,28,3:28
20261004T023202,51485.703936,100.0,True,1,24,1:24
20261004T023202,60440.278272,100.0,True,2,22,2:22
20261004T023205,42773.28,100.0,True,1,26,1:26
20261004T023207,52886.422528,100.0,True,0,25,0:25
20261004T023208,56723.903744,100.0,True,3,26,3:26
20261004T023208,52868.8512,100.0,True,3,27,3:27
20261004T023211,44147.690752,100.0,True,1,27,1:27
20261004T023212,46993.175296,100.0,True,3,29,3:29
20261004T023213,55997.368832,100.0,True,1,25,1:25
20261004T023213,53950.836736,100.0,True,2,25,2:25
20261004T023214,51845.582848,100.0,True,0,27,0:27
20261004T023214,44048.91392,100.0,True,1,28,1:28
20261004T023214,61311.776256,100.0,True,2,24,2:24
20261004T023216,50422.70592,100.0,True,0,28,0:28
20261004T023216,41502.425856,100.0,True,1,29,1:29
20261004T023220,38108.52096,100.0,True,0,31,0:31
20261004T023220,49644.87936,100.0,True,3,30,3:30
20261004T023221,51904.525312,100.0,True,2,27,2:27
20261004T023223,58587.327232,100.0,True,2,26,2:26
20261004T023224,41828.347904,100.0,True,3,32,3:32
20261004T023226,37517.460992,100.0,True,2,31,2:31
20261004T023228,39557.587968,100.0,True,3,33,3:33
20261004T023231,60519.054336,100.0,True,0,29,0:29
20261004T023231,55390.18496,100.0,True,2,28,2:28
20261004T023232,55331.921664,100.0,True,3,31,3:31
20261004T023234,49442.457344,100.0,True,2,30,2:30
20261004T023237,52757.068544,100.0,True,1,31,1:31
20261004T023237,56523.791616,100.0,True,2,29,2:29
20261004T023237,37466.0736,100.0,True,3,35,3:35
20261004T023238,61201.745408,100.0,True,0,30,0:30
20261004T023238,42222.26176,100.0,True,0,34,0:34
20261004T023239,40148.491264,100.0,True,2,33,2:33
20261004T023241,60340.950528,100.0,True,1,30,1:30
20261004T023244,54061.604352,100.0,True,1,32,1:32
20261004T023245,39434.294272,100.0,True,0,36,0:36
20261004T023247,41607.888128,100.0,True,3,36,3:36
20261004T023248,61376.27264,100.0,True,0,32,0:32
20261004T023249,49479.796992,100.0,True,1,34,1:34
20261004T023249,55319.47776,100.0,True,2,32,2:32
20261004T023250,49772.014848,100.0,True,0,35,0:35
20261004T023250,38448.222208,100.0,True,3,37,3:37
20261004T023252,60724.92672,100.0,True,0,33,0:33
20261004T023252,58143.409408,100.0,True,1,33,1:33
20261004T023254,37708.895232,100.0,True,0,38,0:38
20261004T023254,48883.666432,100.0,True,1,35,1:35
20261004T023256,61924.869376,100.0,True,3,34,3:34
20261004T023257,41791.241728,100.0,True,2,36,2:36
20261004T023301,39047.71584,100.0,True,0,39,0:39
20261004T023304,60621.493248,100.0,True,2,34,2:34
20261004T023305,53235.326208,100.0,True,0,37,0:37
20261004T023305,55109.152512,100.0,True,2,35,2:35
20261004T023306,50492.111104,100.0,True,1,37,1:37
20261004T023306,40717.059328,100.0,True,2,38,2:38
20261004T023306,49990.03648,100.0,True,3,38,3:38
20261004T023306,39799.252224,100.0,True,3,40,3:40
20261004T023308,57504.805376,100.0,True,1,36,1:36
20261004T023310,48059.417856,100.0,True,1,38,1:38
20261004T023311,37667.812864,100.0,True,1,40,1:40
20261004T023312,39901.265408,100.0,True,2,39,2:39
20261004T023315,54521.226752,100.0,True,2,37,2:37
20261004T023317,36843.40096,100.0,True,0,43,0:43
20261004T023317,48894.542592,100.0,True,1,39,1:39
20261004T023319,41888.729856,100.0,True,2,40,2:40
20261004T023319,57515.986176,100.0,True,3,39,3:39
20261004T023320,47968.413952,100.0,True,0,41,0:41
20261004T023321,53637.591808,100.0,True,0,40,0:40
20261004T023323,45691.045376,100.0,True,3,42,3:42
20261004T023324,43940.917248,100.0,True,1,41,1:41
20261004T023325,38948.937728,100.0,True,3,44,3:44
20261004T023328,37559.796224,100.0,True,0,45,0:45
20261004T023328,43450.989312,100.0,True,1,42,1:42
20261004T023328,37011.944448,100.0,True,1,43,1:43
20261004T023328,40253.870336,100.0,True,2,42,2:42
20261004T023330,54031.066624,100.0,True,0,42,0:42
20261004T023332,59915.49312,100.0,True,3,41,3:41
20261004T023334,52089.362688,100.0,True,2,41,2:41
20261004T023335,39710.756096,100.0,True,1,44,1:44
20261004T023338,52865.39392,100.0,True,0,44,0:44
20261004T023339,37819.667712,100.0,True,1,45,1:45
20261004T023341,59159.91296,100.0,True,3,43,3:43
20261004T023344,39091.098368,100.0,True,2,45,2:45
20261004T023348,57522.033408,100.0,True,3,45,3:45
20261004T023349,55217.81376,100.0,True,3,46,3:46
20261004T023351,55984.340736,100.0,True,0,46,0:46
20261004T023351,51174.052608,100.0,True,0,47,0:47
20261004T023351,38318.345984,100.0,True,0,50,0:50
20261004T023351,57922.28608,100.0,True,2,43,2:43
20261004T023353,53046.28608,100.0,True,3,47,3:47
20261004T023354,46100.123392,100.0,True,0,49,0:49
20261004T023354,42768.826368,100.0,True,2,46,2:46
20261004T023356,49756.254976,100.0,True,1,46,1:46
20261004T023356,38587.993088,100.0,True,1,48,1:48
20261004T023356,56050.185728,100.0,True,2,44,2:44
20261004T023358,37850.530048,100.0,True,3,51,3:51
20261004T023401,49559.200768,100.0,True,1,47,1:47
20261004T023401,56814.18496,100.0,True,3,48,3:48
20261004T023403,59872.548864,100.0,True,0,48,0:48
20261004T023404,38351.357184,100.0,True,2,49,2:49
20261004T023406,55288.231168,100.0,True,3,49,3:49
20261004T023407,50378.676736,100.0,True,3,50,3:50
20261004T023410,46990.084864,100.0,True,0,52,0:52
20261004T023412,55226.30144,100.0,True,2,47,2:47
20261004T023413,41865.1968,100.0,True,3,53,3:53
20261004T023416,40141.918464,100.0,True,0,55,0:55
20261004T023418,60494.861568,100.0,True,0,51,0:51
20261004T023418,57546.814464,100.0,True,1,49,1:49
20261004T023418,43288.854272,100.0,True,3,54,3:54
20261004T023420,58893.714944,100.0,True,2,48,2:48
20261004T023420,50581.811456,100.0,True,2,50,2:50
20261004T023420,45029.456896,100.0,True,2,51,2:51
20261004T023422,55960.384,100.0,True,1,50,1:50
20261004T023424,43438.0736,100.0,True,3,55,3:55
20261004T023425,57991.716096,100.0,True,0,53,0:53
20261004T023427,56741.966848,100.0,True,1,51,1:51
20261004T023429,48481.605888,100.0,True,0,56,0:56
20261004T023429,39593.43232,100.0,True,0,58,0:58
20261004T023429,40321.972736,100.0,True,1,55,1:55
20261004T023429,62238.994176,100.0,True,3,52,3:52
20261004T023430,58201.056256,100.0,True,0,54,0:54
20261004T023434,59469.055232,100.0,True,1,52,1:52
20261004T023434,38284.784896,100.0,True,2,55,2:55
20261004T023434,49163.102464,100.0,True,3,56,3:56
20261004T023437,51423.446528,100.0,True,2,53,2:53
20261004T023438,52200.140032,100.0,True,0,57,0:57
20261004T023438,48261.262848,100.0,True,3,57,3:57
20261004T023439,46208.60288,100.0,True,1,56,1:56
20261004T023440,61349.746432,100.0,True,1,53,1:53
20261004T023442,40019.896576,100.0,True,0,61,0:61
20261004T023443,62297.318144,100.0,True,2,52,2:52
20261004T023443,51771.873536,100.0,True,2,54,2:54
20261004T023446,52564.446208,100.0,True,0,59,0:59
20261004T023447,62230.836224,100.0,True,1,54,1:54
20261004T023449,51314.580224,100.0,True,0,60,0:60
20261004T023449,48420.77568,100.0,True,3,59,3:59
20261004T023450,54362.482176,100.0,True,3,58,3:58
20261004T023451,38503.035136,100.0,True,1,60,1:60
20261004T023451,40303.076352,100.0,True,2,58,2:58
20261004T023454,48731.369984,100.0,True,3,60,3:60
20261004T023455,49380.807168,100.0,True,0,62,0:62
20261004T023455,57281.447936,100.0,True,1,57,1:57
20261004T023455,51163.528192,100.0,True,1,58,1:58
20261004T023455,46540.083456,100.0,True,1,59,1:59
20261004T023457,39330.80448,100.0,True,0,64,0:64
20261004T023459,47437.669632,100.0,True,0,63,0:63
20261004T023459,42534.151168,100.0,True,1,61,1:61
20261004T023500,40731.771648,100.0,True,3,63,3:63
20261004T023501,61223.277056,100.0,True,2,56,2:56
20261004T023501,50237.721856,100.0,True,3,61,3:61
20261004T023505,60121.2864,100.0,True,2,57,2:57
20261004T023505,42852.022272,100.0,True,2,60,2:60
20261004T023506,39969.31328,100.0,True,1,63,1:63
20261004T023508,38822.416128,100.0,True,0,66,0:66
20261004T023509,43198.717184,100.0,True,2,61,2:61
20261004T023510,54846.552576,100.0,True,3,62,3:62
20261004T023511,54728.549632,100.0,True,2,59,2:59
20261004T023512,50331.3216,100.0,True,1,62,1:62
20261004T023519,56342.701312,100.0,True,0,65,0:65
20261004T023521,51169.890304,100.0,True,3,65,3:65
20261004T023523,44736.348672,100.0,True,3,67,3:67
20261004T023525,54440.449024,100.0,True,1,64,1:64
20261004T023526,62125.348864,100.0,True,3,64,3:64
20261004T023527,53229.752576,100.0,True,2,63,2:63
20261004T023528,44032.58368,100.0,True,2,65,2:65
20261004T023529,39281.600256,100.0,True,0,70,0:70
20261004T023529,54643.785472,100.0,True,3,66,3:66
20261004T023530,59125.643264,100.0,True,2,62,2:62
20261004T023532,52674.78656,100.0,True,2,64,2:64
20261004T023533,38165.792256,100.0,True,3,70,3:70
20261004T023534,52836.902656,100.0,True,1,66,1:66
20261004T023535,62290.467584,100.0,True,0,67,0:67
20261004T023535,40258.96064,100.0,True,2,67,2:67
20261004T023536,62123.20128,100.0,True,1,65,1:65
20261004T023538,53955.398144,100.0,True,0,69,0:69
20261004T023539,42791.283712,100.0,True,1,69,1:69
20261004T023539,55063.85024,100.0,True,3,68,3:68
20261004T023540,48148.779776,100.0,True,1,68,1:68
20261004T023541,61693.101824,100.0,True,0,68,0:68
20261004T023541,55130.902016,100.0,True,1,67,1:67
20261004T023543,43309.508864,100.0,True,0,72,0:72
20261004T023543,53251.407104,100.0,True,2,66,2:66
20261004T023545,40240.57728,100.0,True,3,72,3:72
20261004T023547,58171.0912,100.0,True,3,69,3:69
20261004T023550,50513.274112,100.0,True,3,71,3:71
20261004T023552,58850.644736,100.0,True,0,71,0:71
20261004T023553,42625.010688,100.0,True,2,70,2:70
20261004T023556,50920.192,100.0,True,2,69,2:69
20261004T023557,53795.343616,100.0,True,0,73,0:73
20261004T023557,56586.633728,100.0,True,2,68,2:68
20261004T023558,56373.833984,100.0,True,1,70,1:70
20261004T023600,40319.911424,100.0,True,3,75,3:75
20261004T023602,48683.194624,100.0,True,1,72,1:72
20261004T023603,54007.82848,100.0,True,0,74,0:74
20261004T023605,50199.202304,100.0,True,0,75,0:75
20261004T023607,58493.918208,100.0,True,1,71,1:71
20261004T023607,43864.001536,100.0,True,3,76,3:76
20261004T023610,47904.947712,100.0,True,1,74,1:74
20261004T023611,61982.66368,100.0,True,3,73,3:73
20261004T023611,58155.812608,100.0,True,3,74,3:74
20261004T023614,57020.969216,100.0,True,1,73,1:73
20261004T023615,56708.820224,100.0,True,0,76,0:76
20261004T023616,49338.974976,100.0,True,1,75,1:75
20261004T023619,51902.943232,100.0,True,3,77,3:77
20261004T023620,56784.9536,100.0,True,0,77,0:77
20261004T023620,49412.559616,100.0,True,1,76,1:76
20261004T023620,62903.047936,100.0,True,2,71,2:71
20261004T023621,45132.574976,100.0,True,3,79,3:79
20261004T023623,51997.533184,100.0,True,3,78,3:78
20261004T023624,38403.886848,100.0,True,0,81,0:81
20261004T023624,46868.410624,100.0,True,2,75,2:75
20261004T023625,62399.3152,100.0,True,2,72,2:72
20261004T023628,47153.682176,100.0,True,0,80,0:80
20261004T023628,55627.505152,100.0,True,2,74,2:74
20261004T023629,61890.3936,100.0,True,2,73,2:73
20261004T023630,41303.821312,100.0,True,3,82,3:82
20261004T023631,60609.665536,100.0,True,0,78,0:78
20261004T023631,55831.14752,100.0,True,0,79,0:79
20261004T023631,41028.204544,100.0,True,0,82,0:82
20261004T023632,55071.853312,100.0,True,1,77,1:77
20261004T023632,44765.209856,100.0,True,2,77,2:77
20261004T023633,38420.606976,100.0,True,3,83,3:83
20261004T023636,43100.934144,100.0,True,2,78,2:78
20261004T023637,38397.684992,100.0,True,2,79,2:79
20261004T023638,53140.339456,100.0,True,3,81,3:81
20261004T023639,58300.766464,100.0,True,3,80,3:80
20261004T023640,44678.0352,100.0,True,0,83,0:83
20261004T023642,45837.366016,100.0,True,1,80,1:80
20261004T023643,41874.012416,100.0,True,1,81,1:81
20261004T023644,60338.926848,100.0,True,1,78,1:78
20261004T023644,54346.330112,100.0,True,1,79,1:79
20261004T023644,40514.833664,100.0,True,3,85,3:85
20261004T023645,60777.037568,100.0,True,2,76,2:76
20261004T023646,46605.296896,100.0,True,0,84,0:84
20261004T023649,49944.250112,100.0,True,3,84,3:84
20261004T023651,42464.053504,100.0,True,0,86,0:86
20261004T023656,50849.367296,100.0,True,2,80,2:80
20261004T023656,36449.447168,100.0,True,3,88,3:88
20261004T023657,47185.982208,100.0,True,2,81,2:81
20261004T023658,48194.889984,100.0,True,3,86,3:86
20261004T023701,36589.679616,100.0,True,1,85,1:85
20261004T023703,58045.049344,100.0,True,0,85,0:85
20261004T023703,55499.416064,100.0,True,1,82,1:82
20261004T023703,41685.26592,100.0,True,2,83,2:83
20261004T023704,50759.789056,100.0,True,1,83,1:83
20261004T023704,45149.462784,100.0,True,1,84,1:84
20261004T023707,42191.960576,100.0,True,0,89,0:89
20261004T023707,53182.5664,100.0,True,3,87,3:87
20261004T023708,38137.6832,100.0,True,1,86,1:86
20261004T023710,54497.878272,100.0,True,2,82,2:82
20261004T023711,56070.104576,100.0,True,0,87,0:87
20261004T023711,42523.851008,100.0,True,0,90,0:90
20261004T023713,46779.857408,100.0,True,2,84,2:84
20261004T023716,40807.118336,100.0,True,1,87,1:87
20261004T023717,42664.108288,100.0,True,3,91,3:91
20261004T023718,43509.860608,100.0,True,0,91,0:91
20261004T023719,58728.425216,100.0,True,0,88,0:88
20261004T023720,49994.28864,100.0,True,3,90,3:90
20261004T023721,46683.927552,100.0,True,2,86,2:86
20261004T023723,57716.38784,100.0,True,3,89,3:89
20261004T023725,39822.620416,100.0,True,0,93,0:93
20261004T023725,35738.372352,100.0,True,1,90,1:90
20261004T023728,58022.26816,100.0,True,2,85,2:85
20261004T023730,49058.58944,100.0,True,1,88,1:88
20261004T023731,51187.910656,100.0,True,3,92,3:92
20261004T023733,48975.52384,100.0,True,2,88,2:88
20261004T023734,54110.750464,100.0,True,2,87,2:87
20261004T023734,45008.932608,100.0,True,3,94,3:94
20261004T023736,45808.323328,100.0,True,2,89,2:89
20261004T023739,58572.235264,100.0,True,0,92,0:92
20261004T023739,54245.659392,100.0,True,3,93,3:93
20261004T023739,44990.23744,100.0,True,3,95,3:95
20261004T023740,54451.54304,100.0,True,1,89,1:89
20261004T023743,42674.353152,100.0,True,2,91,2:91
20261004T023744,55073.613056,100.0,True,0,94,0:94
20261004T023746,45462.334976,100.0,True,1,92,1:92
20261004T023747,40734.526464,100.0,True,1,93,1:93
20261004T023748,41719.683584,100.0,True,2,92,2:92
20261004T023749,55778.618624,100.0,True,0,95,0:95
20261004T023751,56933.309952,100.0,True,1,91,1:91
20261004T023752,53837.037568,100.0,True,0,96,0:96
20261004T023752,51860.775168,100.0,True,3,96,3:96
20261004T023754,59864.00256,100.0,True,2,90,2:90
20261004T023756,40666.90304,100.0,True,0,99,0:99
20261004T023757,53290.707456,100.0,True,0,97,0:97
20261004T023757,53229.49888,100.0,True,3,97,3:97
20261004T023801,50646.495232,100.0,True,0,98,0:98
20261004T023801,49876.552704,100.0,True,2,93,2:93
20261004T023802,37362.35392,100.0,True,0,101,0:101
20261004T023802,52679.100672,100.0,True,3,98,3:98
20261004T023803,51416.397568,100.0,True,1,94,1:94
20261004T023803,46950.221312,100.0,True,1,95,1:95
20261004T023805,44477.66272,100.0,True,2,95,2:95
20261004T023805,50668.036608,100.0,True,3,99,3:99
20261004T023806,45541.718272,100.0,True,0,100,0:100
20261004T023806,38699.801856,100.0,True,3,101,3:101
20261004T023812,41673.051136,100.0,True,0,102,0:102
20261004T023812,52398.107904,100.0,True,1,96,1:96
20261004T023814,41878.324736,100.0,True,2,97,2:97
20261004T023815,58470.58432,100.0,True,2,94,2:94
20261004T023817,56040.576,100.0,True,3,100,3:100
20261004T023820,49715.146496,100.0,True,3,102,3:102
20261004T023825,51458.6496,100.0,True,0,103,0:103
20261004T023825,44323.715328,100.0,True,1,100,1:100
20261004T023826,46161.352448,100.0,True,3,104,3:104
20261004T023828,61948.902912,100.0,True,1,97,1:97
20261004T023828,61219.55456,100.0,True,2,96,2:96
20261004T023830,44270.276864,100.0,True,1,101,1:101
20261004T023830,55366.798592,100.0,True,3,103,3:103
20261004T023831,42005.14688,100.0,True,2,100,2:100
20261004T023833,60344.406528,100.0,True,1,98,1:98
20261004T023835,55769.937664,100.0,True,0,104,0:104
20261004T023835,55454.515968,100.0,True,2,98,2:98
20261004T023836,51391.13344,100.0,True,2,99,2:99
20261004T023837,60261.39008,100.0,True,1,99,1:99
20261004T023838,53535.557632,100.0,True,3,105,3:105
20261004T023840,57172.814848,100.0,True,0,105,0:105
20261004T023842,48201.398784,100.0,True,1,103,1:103
20261004T023843,48909.169664,100.0,True,2,101,2:101
20261004T023845,47632.701952,100.0,True,0,108,0:108
20261004T023848,59532.66688,100.0,True,0,106,0:106
20261004T023849,44828.60416,100.0,True,0,109,0:109
20261004T023849,59166.760704,100.0,True,1,102,1:102
20261004T023849,59878.720256,100.0,True,3,106,3:106
20261004T023850,57289.171456,100.0,True,0,107,0:107
20261004T023851,57801.132288,100.0,True,3,107,3:107
20261004T023853,49774.777344,100.0,True,3,109,3:109
20261004T023853,44504.566784,100.0,True,3,110,3:110
20261004T023854,39412.14592,100.0,True,0,111,0:111
20261004T023854,55965.913856,100.0,True,1,104,1:104
20261004T023856,52566.751232,100.0,True,1,105,1:105
20261004T023858,57931.689984,100.0,True,3,108,3:108
20261004T023901,60966.34624,100.0,True,2,102,2:102
20261004T023901,49526.537472,100.0,True,2,104,2:104
20261004T023902,41905.391616,100.0,True,2,106,2:106
20261004T023904,58577.739008,100.0,True,2,103,2:103
20261004T023904,51275.129344,100.0,True,3,111,3:111
20261004T023905,52641.571328,100.0,True,1,107,1:107
20261004T023906,56801.874944,100.0,True,1,106,1:106
20261004T023907,50449.120256,100.0,True,2,105,2:105
20261004T023911,62087.667456,100.0,True,0,110,0:110
20261004T023914,46110.560768,100.0,True,2,108,2:108
20261004T023917,51754.9696,100.0,True,0,113,0:113
20261004T023917,58095.419648,100.0,True,3,112,3:112
20261004T023917,45862.91584,100.0,True,3,114,3:114
20261004T023920,60058.518528,100.0,True,0,112,0:112
20261004T023920,61675.913984,100.0,True,1,108,1:108
20261004T023920,51541.733888,100.0,True,1,110,1:110
20261004T023921,55732.11136,100.0,True,3,113,3:113
20261004T023922,58249.715712,100.0,True,2,107,2:107
20261004T023923,38997.41184,100.0,True,1,113,1:113
20261004T023925,61499.441664,100.0,True,1,109,1:109
20261004T023925,53390.527488,100.0,True,1,111,1:111
20261004T023931,40531.253248,100.0,True,0,118,0:118
20261004T023931,50178.481408,100.0,True,2,110,2:110
20261004T023932,56667.997696,100.0,True,0,115,0:115
20261004T023935,39123.886336,100.0,True,2,113,2:113
20261004T023936,64488.5504,100.0,True,0,114,0:114
20261004T023936,40997.678848,100.0,True,1,115,1:115
20261004T023937,62738.1312,100.0,True,2,109,2:109
20261004T023937,49521.791744,100.0,True,2,111,2:111
20261004T023937,60924.098304,100.0,True,3,115,3:115
20261004T023938,55352.83072,100.0,True,3,116,3:116
20261004T023940,39707.220992,100.0,True,2,114,2:114
20261004T023941,46233.141504,100.0,True,3,119,3:119
20261004T023942,61051.742208,100.0,True,0,116,0:116
20261004T023942,46649.668096,100.0,True,0,119,0:119
20261004T023942,64611.735808,100.0,True,1,112,1:112
20261004T023942,56007.474688,100.0,True,3,117,3:117
20261004T023947,45856.411392,100.0,True,0,120,0:120
20261004T023947,47402.71744,100.0,True,1,116,1:116
20261004T023948,61646.83008,100.0,True,0,117,0:117
20261004T023949,61027.574784,100.0,True,1,114,1:114
20261004T023952,48290.962432,100.0,True,2,115,2:115
20261004T023952,62449.301248,100.0,True,3,118,3:118
20261004T023953,60993.238528,100.0,True,2,112,2:112
20261004T023954,49299.271936,100.0,True,3,121,3:121
20261004T023956,45949.56416,100.0,True,1,118,1:118
20261004T023956,55788.177664,100.0,True,3,120,3:120
20261004T023958,49217.607936,100.0,True,2,116,2:116
20261004T023959,42979.54304,100.0,True,3,124,3:124
20261004T024001,52738.138368,100.0,True,3,122,3:122
20261004T024002,57447.588608,100.0,True,1,117,1:117
20261004T024006,61078.555136,100.0,True,0,121,0:121
20261004T024006,53752.190208,100.0,True,3,123,3:123
20261004T024012,58897.235712,100.0,True,0,123,0:123
20261004T024013,63713.444864,100.0,True,0,122,0:122
20261004T024013,42208.025344,100.0,True,0,126,0:126
20261004T024013,42855.671808,100.0,True,3,127,3:127
20261004T024015,49997.055744,100.0,True,3,126,3:126
20261004T024016,59537.072896,100.0,True,1,119,1:119
20261004T024016,54668.713728,100.0,True,1,120,1:120
20261004T024016,52696.261888,100.0,True,2,119,2:119
20261004T024017,47264.24832,100.0,True,2,120,2:120
20261004T024018,42633.997056,100.0,True,2,121,2:121
20261004T024019,64676.299008,100.0,True,2,117,2:117
20261004T024019,59053.083392,100.0,True,3,125,3:125
20261004T024020,55125.468928,100.0,True,0,125,0:125
20261004T024021,60797.02272,100.0,True,0,124,0:124
20261004T024022,63642.510848,100.0,True,2,118,2:118
20261004T024023,41223.903744,100.0,True,1,124,1:124
20261004T024025,53766.30144,100.0,True,1,122,1:122
20261004T024026,48811.175168,100.0,True,1,123,1:123
20261004T024026,51020.878592,100.0,True,3,128,3:128
20261004T024030,62945.420032,100.0,True,1,121,1:121
20261004T024032,56457.679616,100.0,True,0,127,0:127
20261004T024035,41164.492032,100.0,True,2,125,2:125
20261004T024036,45104.70784,100.0,True,1,126,1:126
20261004T024036,51774.698752,100.0,True,2,123,2:123
20261004T024036,55911.377152,100.0,True,3,129,3:129
20261004T024037,41416.469248,100.0,True,3,133,3:133
20261004T024041,53638.331904,100.0,True,2,124,2:124
20261004T024041,56386.543104,100.0,True,3,130,3:130
20261004T024041,49407.667456,100.0,True,3,132,3:132
20261004T024042,44762.240256,100.0,True,1,127,1:127
20261004T024042,62480.374016,100.0,True,2,122,2:122
20261004T024042,41358.51136,100.0,True,3,134,3:134
20261004T024043,61529.51808,100.0,True,0,128,0:128
20261004T024044,41089.353728,100.0,True,2,127,2:127
20261004T024044,55260.699136,100.0,True,3,131,3:131
20261004T024046,60840.724992,100.0,True,0,129,0:129
20261004T024048,61278.356224,100.0,True,1,125,1:125
20261004T024051,51470.145536,100.0,True,0,132,0:132
20261004T024052,48111.023872,100.0,True,0,133,0:133
20261004T024053,65165.888768,100.0,True,0,130,0:130
20261004T024054,40679.35104,100.0,True,3,137,3:137
20261004T024055,53132.64256,100.0,True,1,128,1:128
20261004T024058,63493.708288,100.0,True,0,131,0:131
20261004T024100,42743.620352,100.0,True,3,138,3:138
20261004T024101,50384.066304,100.0,True,0,134,0:134
20261004T024102,62665.119232,100.0,True,2,126,2:126
20261004T024104,57520.373504,100.0,True,1,129,1:129
20261004T024105,49249.860864,100.0,True,1,131,1:131
20261004T024108,61797.847552,100.0,True,3,135,3:135
20261004T024109,57389.796864,100.0,True,1,130,1:130
20261004T024111,47600.479744,100.0,True,0,137,0:137
20261004T024111,62384.060416,100.0,True,2,128,2:128
20261004T024112,52448.727808,100.0,True,0,136,0:136
20261004T024112,58795.076864,100.0,True,2,129,2:129
20261004T024112,50771.490304,100.0,True,2,131,2:131
20261004T024113,51531.21024,100.0,True,1,132,1:132
20261004T024113,55205.691392,100.0,True,2,130,2:130
20261004T024113,62310.113536,100.0,True,3,136,3:136
20261004T024113,49137.4336,100.0,True,3,139,3:139
20261004T024115,60627.826688,100.0,True,0,135,0:135
20261004T024118,48243.142912,100.0,True,0,138,0:138
20261004T024121,48736.473344,100.0,True,2,133,2:133
20261004T024122,53872.387584,100.0,True,2,132,2:132
20261004T024123,44595.211008,100.0,True,0,140,0:140
20261004T024127,49587.003392,100.0,True,1,135,1:135
20261004T024128,46440.34816,100.0,True,2,135,2:135
20261004T024130,62395.03488,100.0,True,1,133,1:133
20261004T024131,61938.440192,100.0,True,3,140,3:140
20261004T024132,55242.179584,100.0,True,2,134,2:134
20261004T024132,41241.765888,100.0,True,2,137,2:137
20261004T024133,53312.199424,100.0,True,3,142,3:142
20261004T024134,59744.21504,100.0,True,3,141,3:141
20261004T024135,62885.539328,100.0,True,1,134,1:134
20261004T024135,41853.664256,100.0,True,1,139,1:139
20261004T024136,60536.507392,100.0,True,0,139,0:139
20261004T024138,49475.232,100.0,True,0,142,0:142
20261004T024141,55059.37152,100.0,True,1,137,1:137
20261004T024141,44258.024704,100.0,True,1,140,1:140
20261004T024141,55696.73472,100.0,True,2,136,2:136
20261004T024143,42275.91168,100.0,True,3,146,3:146
20261004T024144,50894.852608,100.0,True,0,143,0:143
20261004T024144,62404.703744,100.0,True,1,136,1:136
20261004T024147,62356.71296,100.0,True,0,141,0:141
20261004T024149,51507.068928,100.0,True,0,144,0:144
20261004T024151,61838.604288,100.0,True,1,138,1:138
20261004T024151,55197.856512,100.0,True,2,138,2:138
20261004T024151,53172.59008,100.0,True,3,145,3:145
20261004T024152,65629.009664,100.0,True,3,143,3:143
20261004T024153,41687.296512,100.0,True,2,141,2:141
20261004T024155,54410.438656,100.0,True,0,145,0:145
20261004T024155,54229.408,100.0,True,2,139,2:139
20261004T024156,62954.483968,100.0,True,3,144,3:144
20261004T024156,49187.512576,100.0,True,3,147,3:147
20261004T024157,46779.10016,100.0,True,0,147,0:147
20261004T024202,61130.59328,100.0,True,1,141,1:141
20261004T024204,45530.225152,100.0,True,0,149,0:149
20261004T024206,54153.55648,100.0,True,1,143,1:143
20261004T024207,61500.2112,100.0,True,0,146,0:146
20261004T024207,41246.102272,100.0,True,1,146,1:146
20261004T024209,51986.753024,100.0,True,2,142,2:142
20261004T024210,64008.918784,100.0,True,1,142,1:142
20261004T024212,64057.353728,100.0,True,2,140,2:140
20261004T024214,59808.114432,100.0,True,0,148,0:148
20261004T024214,58780.016384,100.0,True,1,144,1:144
20261004T024215,58075.290368,100.0,True,3,149,3:149
20261004T024216,51775.578368,100.0,True,0,150,0:150
20261004T024217,55913.371648,100.0,True,2,143,2:143
20261004T024217,65010.245632,100.0,True,3,148,3:148
20261004T024217,46963.476224,100.0,True,3,152,3:152
20261004T024219,47870.232576,100.0,True,2,145,2:145
20261004T024219,52610.269184,100.0,True,3,151,3:151
20261004T024220,51851.66976,100.0,True,0,151,0:151
20261004T024220,58611.991552,100.0,True,1,145,1:145
20261004T024222,50574.717696,100.0,True,1,147,1:147
20261004T024225,40508.394496,100.0,True,0,154,0:154
20261004T024225,63918.724864,100.0,True,3,150,3:150
20261004T024227,53019.191808,100.0,True,2,146,2:146
20261004T024228,61562.259456,100.0,True,2,144,2:144
20261004T024229,44084.058624,100.0,True,2,148,2:148
20261004T024231,53204.827392,100.0,True,0,153,0:153
20261004T024231,49692.773376,100.0,True,2,147,2:147
20261004T024231,43123.324928,100.0,True,3,156,3:156
20261004T024232,58494.326784,100.0,True,3,153,3:153
20261004T024233,44651.46496,100.0,True,0,155,0:155
20261004T024236,61206.706688,100.0,True,0,152,0:152
20261004T024237,59074.883072,100.0,True,1,148,1:148
20261004T024237,58108.224512,100.0,True,3,154,3:154
20261004T024238,52959.405568,100.0,True,3,155,3:155
20261004T024241,57045.067264,100.0,True,1,149,1:149
20261004T024241,38751.704576,100.0,True,3,159,3:159
20261004T024243,45408.068864,100.0,True,0,157,0:157
20261004T024245,48824.107776,100.0,True,2,150,2:150
20261004T024246,51886.314496,100.0,True,0,156,0:156
20261004T024249,46521.7216,100.0,True,1,152,1:152
20261004T024249,41611.9744,100.0,True,3,160,3:160
20261004T024250,59916.096512,100.0,True,1,150,1:150
20261004T024252,61026.62528,100.0,True,2,149,2:149
20261004T024252,59355.834368,100.0,True,3,157,3:157
20261004T024255,49227.72224,100.0,True,0,159,0:159
20261004T024257,58938.11968,100.0,True,3,158,3:158
20261004T024300,63762.391296,100.0,True,1,151,1:151
20261004T024301,59593.230336,100.0,True,0,158,0:158
20261004T024301,45365.910784,100.0,True,0,161,0:161
20261004T024302,59480.153856,100.0,True,2,151,2:151
20261004T024303,55420.603648,100.0,True,2,152,2:152
20261004T024305,49905.934336,100.0,True,3,162,3:162
20261004T024306,56648.571904,100.0,True,1,153,1:153
20261004T024310,55012.658944,100.0,True,2,154,2:154
20261004T024310,58849.512192,100.0,True,3,161,3:161
20261004T024311,45744.032256,100.0,True,0,163,0:163
20261004T024312,52604.585984,100.0,True,2,155,2:155
20261004T024312,39900.531968,100.0,True,3,165,3:165
20261004T024313,60697.62176,100.0,True,1,154,1:154
20261004T024313,61488.935424,100.0,True,2,153,2:153
20261004T024314,63806.548736,100.0,True,0,160,0:160
20261004T024314,42809.902592,100.0,True,0,164,0:164
20261004T024314,40589.545216,100.0,True,1,158,1:158
20261004T024314,42735.39328,100.0,True,2,157,2:157
20261004T024315,52788.184064,100.0,True,0,162,0:162
20261004T024317,50161.516544,100.0,True,3,164,3:164
20261004T024321,51536.326656,100.0,True,1,157,1:157
20261004T024322,47417.744384,100.0,True,0,165,0:165
20261004T024322,60300.365312,100.0,True,3,163,3:163
20261004T024323,63819.439616,100.0,True,1,155,1:155
20261004T024324,42952.823296,100.0,True,3,167,3:167
20261004T024326,48357.35552,100.0,True,3,166,3:166
20261004T024328,63697.386496,100.0,True,1,156,1:156
20261004T024328,62736.754432,100.0,True,2,156,2:156
20261004T024329,42090.462976,100.0,True,2,160,2:160
20261004T024333,43442.836992,100.0,True,0,168,0:168
20261004T024334,41655.740672,100.0,True,2,161,2:161
20261004T024335,49703.679744,100.0,True,3,168,3:168
20261004T024339,59631.457792,100.0,True,0,166,0:166
20261004T024339,62980.73472,100.0,True,2,158,2:158
20261004T024339,57574.673152,100.0,True,2,159,2:159
20261004T024340,46594.514176,100.0,True,0,169,0:169
20261004T024342,57788.228352,100.0,True,0,167,0:167
20261004T024342,62259.200768,100.0,True,1,159,1:159
20261004T024342,39397.993728,100.0,True,2,163,2:163
20261004T024343,45784.53376,100.0,True,0,170,0:170
20261004T024344,47108.912128,100.0,True,1,162,1:162
20261004T024345,53404.7936,100.0,True,1,161,1:161
20261004T024348,53145.799168,100.0,True,3,170,3:170
20261004T024349,62603.469312,100.0,True,1,160,1:160
20261004T024353,56613.94688,100.0,True,2,162,2:162
20261004T024354,53474.88512,100.0,True,1,163,1:163
20261004T024356,49564.819968,100.0,True,0,172,0:172
20261004T024356,64921.285888,100.0,True,3,169,3:169
20261004T024358,49632.83712,100.0,True,3,173,3:173
20261004T024400,61064.051456,100.0,True,3,171,3:171
20261004T024404,60807.223296,100.0,True,0,171,0:171
20261004T024404,49051.58784,100.0,True,0,174,0:174
20261004T024404,57022.08512,100.0,True,1,164,1:164
20261004T024404,40267.21792,100.0,True,3,176,3:176
20261004T024405,62650.407168,100.0,True,3,172,3:172
20261004T024406,55871.20256,100.0,True,0,173,0:173
20261004T024408,49579.798016,100.0,True,2,166,2:166
20261004T024410,41012.800512,100.0,True,3,177,3:177
20261004T024412,63819.967232,100.0,True,2,164,2:164
20261004T024413,58954.267392,100.0,True,1,165,1:165
20261004T024414,59887.823104,100.0,True,3,174,3:174
20261004T024415,61261.18528,100.0,True,2,165,2:165
20261004T024415,42993.973248,100.0,True,2,169,2:169
20261004T024416,54613.527296,100.0,True,1,167,1:167
20261004T024419,51348.527104,100.0,True,1,168,1:168
20261004T024420,62092.37504,100.0,True,1,166,1:166
20261004T024420,43074.65344,100.0,True,2,170,2:170
20261004T024421,54444.8384,100.0,True,2,168,2:168
20261004T024423,46953.128704,100.0,True,1,170,1:170
20261004T024423,63844.146688,100.0,True,3,175,3:175
20261004T024424,48516.217088,100.0,True,0,178,0:178
20261004T024425,64743.065344,100.0,True,0,175,0:175
20261004T024427,62156.18304,100.0,True,0,176,0:176
20261004T024427,63859.924224,100.0,True,2,167,2:167
20261004T024431,60413.831936,100.0,True,0,177,0:177
20261004T024431,40630.3296,100.0,True,1,173,1:173
20261004T024432,44642.358272,100.0,True,2,172,2:172
20261004T024436,63907.188736,100.0,True,1,169,1:169
20261004T024437,55399.472384,100.0,True,0,179,0:179
20261004T024438,57325.910016,100.0,True,1,171,1:171
20261004T024438,54438.927872,100.0,True,2,171,2:171
20261004T024438,63692.86272,100.0,True,3,178,3:178
20261004T024438,58247.608832,100.0,True,3,179,3:179
20261004T024440,47935.020544,100.0,True,2,173,2:173
20261004T024441,55316.356096,100.0,True,1,172,1:172
20261004T024443,57778.083584,100.0,True,3,180,3:180
20261004T024444,52396.881408,100.0,True,0,181,0:181
20261004T024445,54420.873984,100.0,True,3,181,3:181
20261004T024447,48437.730048,100.0,True,2,174,2:174
20261004T024448,52160.633344,100.0,True,0,182,0:182
20261004T024450,47767.177984,100.0,True,0,183,0:183
20261004T024451,64641.296384,100.0,True,0,180,0:180
20261004T024451,55107.726592,100.0,True,3,182,3:182
20261004T024451,46179.852544,100.0,True,3,184,3:184
20261004T024453,48604.914432,100.0,True,1,176,1:176
20261004T024456,61595.961856,100.0,True,1,174,1:174
20261004T024457,50337.777408,100.0,True,0,184,0:184
20261004T024459,50559.897856,100.0,True,3,185,3:185
20261004T024500,61702.5472,100.0,True,1,175,1:175
20261004T024501,61395.053568,100.0,True,3,183,3:183
20261004T024504,49653.387008,100.0,True,1,178,1:178
20261004T024506,63534.773504,100.0,True,2,175,2:175
20261004T024509,42306.68416,100.0,True,1,180,1:180
20261004T024511,53918.253824,100.0,True,0,186,0:186
20261004T024511,53178.159872,100.0,True,3,187,3:187
20261004T024512,61730.404864,100.0,True,0,185,0:185
20261004T024513,63251.555072,100.0,True,1,177,1:177
20261004T024513,64587.298304,100.0,True,2,176,2:176
20261004T024514,59836.083712,100.0,True,2,177,2:177
20261004T024516,55512.760832,100.0,True,1,179,1:179
20261004T024516,64026.836736,100.0,True,3,186,3:186
20261004T024517,41899.300608,100.0,True,0,190,0:190
20261004T024518,46039.444992,100.0,True,0,189,0:189
20261004T024518,44792.571392,100.0,True,3,190,3:190
20261004T024520,60514.149376,100.0,True,2,178,2:178
20261004T024520,55810.957824,100.0,True,2,179,2:179
20261004T024521,60164.946176,100.0,True,0,187,0:187
20261004T024521,52296.430336,100.0,True,2,180,2:180
20261004T024525,57970.667008,100.0,True,0,188,0:188
20261004T024525,61400.05504,100.0,True,3,188,3:188
20261004T024526,40224.52736,100.0,True,2,183,2:183
20261004T024528,49783.538944,100.0,True,1,182,1:182
20261004T024528,47948.198144,100.0,True,3,191,3:191
20261004T024530,45748.620288,100.0,True,1,183,1:183
20261004T024531,57351.972096,100.0,True,2,181,2:181
20261004T024531,50822.784,100.0,True,2,182,2:182
20261004T024532,43149.608192,100.0,True,0,193,0:193
20261004T024532,63808.310272,100.0,True,3,189,3:189
20261004T024535,38405.044736,100.0,True,1,185,1:185
20261004T024536,63145.946368,100.0,True,1,181,1:181
20261004T024539,59310.166784,100.0,True,0,191,0:191
20261004T024539,54681.149696,100.0,True,0,192,0:192
20261004T024540,45191.079168,100.0,True,0,194,0:194
20261004T024541,54764.570368,100.0,True,3,192,3:192
20261004T024542,42665.962496,100.0,True,0,195,0:195
20261004T024542,51966.066176,100.0,True,1,184,1:184
20261004T024543,38320.896768,100.0,True,0,196,0:196
20261004T024546,54248.083968,100.0,True,3,193,3:193
20261004T024546,46365.950464,100.0,True,3,195,3:195
20261004T024547,56735.718912,100.0,True,2,184,2:184
20261004T024548,44123.715072,100.0,True,3,196,3:196
20261004T024549,46188.323072,100.0,True,2,186,2:186
20261004T024549,39109.496064,100.0,True,3,197,3:197
20261004T024552,51107.662336,100.0,True,1,186,1:186
20261004T024553,38906.541824,100.0,True,0,198,0:198
20261004T024553,38920.861184,100.0,True,1,188,1:188
20261004T024556,59348.089088,100.0,True,2,185,2:185
20261004T024556,37632.644864,100.0,True,2,189,2:189
20261004T024557,38919.574016,100.0,True,1,189,1:189
20261004T024558,62388.952832,100.0,True,3,194,3:194
20261004T024600,52559.071232,100.0,True,1,187,1:187
20261004T024600,41714.375168,100.0,True,3,199,3:199
20261004T024601,43111.618304,100.0,True,0,199,0:199
20261004T024601,51698.283008,100.0,True,2,187,2:187
20261004T024602,37658.759424,100.0,True,2,190,2:190
20261004T024605,36336.941056,100.0,True,1,191,1:191
20261004T024609,55287.84,100.0,True,2,188,2:188
20261004T024609,54728.94208,100.0,True,3,198,3:198
20261004T024610,59934.723584,100.0,True,0,197,0:197
20261004T024617,42722.080768,100.0,True,0,202,0:202
20261004T024617,47351.886592,100.0,True,2,191,2:191
20261004T024618,44295.160576,100.0,True,2,192,2:192
20261004T024619,56745.204736,100.0,True,1,190,1:190
20261004T024619,55449.811712,100.0,True,3,200,3:200
20261004T024619,46318.328576,100.0,True,3,202,3:202
20261004T024621,58699.190784,100.0,True,0,200,0:200
20261004T024627,59439.246592,100.0,True,0,201,0:201
20261004T024628,60144.038912,100.0,True,3,201,3:201
20261004T024629,50386.551296,100.0,True,0,203,0:203
20261004T024629,44204.05888,100.0,True,2,194,2:194
20261004T024631,52483.339776,100.0,True,3,203,3:203
20261004T024631,44421.1264,100.0,True,3,205,3:205
20261004T024633,59106.131456,100.0,True,1,192,1:192
20261004T024636,44125.127168,100.0,True,3,206,3:206
20261004T024637,58677.633536,100.0,True,1,193,1:193
20261004T024637,53957.791744,100.0,True,1,194,1:194
20261004T024637,58059.780352,100.0,True,2,193,2:193
20261004T024637,53987.429376,100.0,True,3,204,3:204
20261004T024639,54744.246784,100.0,True,0,204,0:204
20261004T024640,44489.494784,100.0,True,2,196,2:196
20261004T024640,39125.780992,100.0,True,2,197,2:197
20261004T024642,51758.712064,100.0,True,2,195,2:195
20261004T024643,54944.97408,100.0,True,1,195,1:195
20261004T024644,46467.314688,100.0,True,3,207,3:207
20261004T024648,58309.349376,100.0,True,0,205,0:205
20261004T024648,54150.091776,100.0,True,0,206,0:206
20261004T024650,46575.294976,100.0,True,0,208,0:208
20261004T024650,47006.329088,100.0,True,1,198,1:198
20261004T024651,51809.932544,100.0,True,0,207,0:207
20261004T024654,60756.610816,100.0,True,1,196,1:196
20261004T024654,46148.1472,100.0,True,1,199,1:199
20261004T024655,58718.61248,100.0,True,1,197,1:197
20261004T024658,42350.250752,100.0,True,3,211,3:211
20261004T024701,53565.06624,100.0,True,2,198,2:198
20261004T024701,50925.024,100.0,True,3,210,3:210
20261004T024702,49453.4528,100.0,True,2,199,2:199
20261004T024702,60701.5936,100.0,True,3,208,3:208
20261004T024704,39823.254784,100.0,True,0,212,0:212
20261004T024705,42827.554816,100.0,True,1,202,1:202
20261004T024705,59042.90944,100.0,True,3,209,3:209
20261004T024707,57707.275008,100.0,True,0,209,0:209
20261004T024708,52157.9392,100.0,True,0,210,0:210
20261004T024708,48715.053312,100.0,True,0,211,0:211
20261004T024710,42212.961536,100.0,True,1,203,1:203
20261004T024710,51235.098624,100.0,True,2,200,2:200
20261004T024714,45774.818816,100.0,True,2,202,2:202
20261004T024715,53944.021248,100.0,True,3,212,3:212
20261004T024716,62967.716096,100.0,True,1,200,1:200
20261004T024720,56524.249088,100.0,True,2,201,2:201
20261004T024721,62956.976384,100.0,True,1,201,1:201
20261004T024721,47015.067392,100.0,True,2,203,2:203
20261004T024724,50251.798784,100.0,True,1,204,1:204
20261004T024727,52391.599616,100.0,True,3,215,3:215
20261004T024727,43655.6224,100.0,True,3,217,3:217
20261004T024728,62990.974208,100.0,True,3,213,3:213
20261004T024728,57916.254208,100.0,True,3,214,3:214
20261004T024731,55979.051264,100.0,True,0,214,0:214
20261004T024732,62479.13088,100.0,True,0,213,0:213
20261004T024733,49066.692096,100.0,True,2,205,2:205
20261004T024735,55290.545152,100.0,True,2,204,2:204
20261004T024735,45177.635072,100.0,True,2,206,2:206
20261004T024736,45816.954624,100.0,True,0,217,0:217
20261004T024740,56363.04896,100.0,True,0,216,0:216
20261004T024742,60892.087552,100.0,True,1,205,1:205
20261004T024742,44289.393664,100.0,True,1,208,1:208
20261004T024742,47523.07584,100.0,True,2,207,2:207
20261004T024744,64894.955776,100.0,True,3,216,3:216
20261004T024745,64650.716672,100.0,True,0,215,0:215
20261004T024745,54324.270848,100.0,True,3,219,3:219
20261004T024746,44542.623488,100.0,True,3,221,3:221
20261004T024749,47239.864832,100.0,True,0,220,0:220
20261004T024749,41867.593984,100.0,True,1,210,1:210
20261004T024750,56858.098688,100.0,True,1,207,1:207
20261004T024750,50458.30528,100.0,True,2,208,2:208
20261004T024750,63334.137088,100.0,True,3,218,3:218
20261004T024751,63935.437056,100.0,True,1,206,1:206
20261004T024753,50502.125312,100.0,True,1,209,1:209
20261004T024753,44762.316288,100.0,True,3,222,3:222
20261004T024754,56440.50304,100.0,True,0,219,0:219
20261004T024755,44756.127232,100.0,True,0,222,0:222
20261004T024756,61712.926976,100.0,True,0,218,0:218
20261004T024756,51187.04,100.0,True,0,221,0:221
20261004T024758,44818.427136,100.0,True,2,211,2:211
20261004T024758,40155.644928,100.0,True,3,224,3:224
20261004T024759,44540.100864,100.0,True,0,223,0:223
20261004T024759,41114.012672,100.0,True,2,212,2:212
20261004T024800,42149.9648,100.0,True,1,212,1:212
20261004T024800,64439.984128,100.0,True,3,220,3:220
20261004T024802,53817.889792,100.0,True,2,210,2:210
20261004T024806,51844.136704,100.0,True,1,211,1:211
20261004T024808,63275.548672,100.0,True,2,209,2:209
20261004T024812,58128.499712,100.0,True,3,223,3:223
20261004T024812,39314.34624,100.0,True,3,227,3:227
20261004T024813,44873.486848,100.0,True,0,226,0:226
20261004T024814,50571.083776,100.0,True,1,213,1:213
20261004T024819,53794.720768,100.0,True,0,225,0:225
20261004T024819,41989.270784,100.0,True,0,228,0:228
20261004T024820,60842.034944,100.0,True,0,224,0:224
20261004T024820,50409.948416,100.0,True,3,226,3:226
20261004T024820,41474.752256,100.0,True,3,228,3:228
20261004T024821,47393.48736,100.0,True,0,227,0:227
20261004T024821,44027.085824,100.0,True,2,216,2:216
20261004T024821,57634.425088,100.0,True,3,225,3:225
20261004T024823,55882.291968,100.0,True,2,214,2:214
20261004T024824,55372.109824,100.0,True,1,214,1:214
20261004T024826,62341.74592,100.0,True,2,213,2:213
20261004T024826,55035.42912,100.0,True,2,215,2:215
20261004T024828,44058.544896,100.0,True,3,229,3:229
20261004T024830,49560.925696,100.0,True,1,216,1:216
20261004T024831,56001.110272,100.0,True,1,215,1:215
20261004T024832,41275.295488,100.0,True,1,218,1:218
20261004T024832,50811.309568,100.0,True,2,217,2:217
20261004T024833,50484.292096,100.0,True,0,229,0:229
20261004T024838,46228.438784,100.0,True,0,231,0:231
20261004T024839,42069.77536,100.0,True,0,232,0:232
20261004T024841,45337.46688,100.0,True,3,231,3:231
20261004T024843,56279.788288,100.0,True,1,217,1:217
20261004T024843,41374.924544,100.0,True,2,221,2:221
20261004T024844,41903.012608,100.0,True,1,220,1:220
20261004T024846,39540.703488,100.0,True,1,221,1:221
20261004T024847,57153.489408,100.0,True,3,230,3:230
20261004T024847,39828.73088,100.0,True,3,233,3:233
20261004T024848,62011.58784,100.0,True,0,230,0:230
20261004T024848,61299.172864,100.0,True,2,218,2:218
20261004T024849,52323.086592,100.0,True,2,220,2:220
20261004T024850,37258.723328,100.0,True,0,235,0:235
20261004T024852,59554.362112,100.0,True,2,219,2:219
20261004T024853,37975.22688,100.0,True,1,223,1:223
20261004T024855,53621.854208,100.0,True,3,232,3:232
20261004T024858,61182.16192,100.0,True,1,219,1:219
20261004T024859,51894.368768,100.0,True,2,222,2:222
20261004T024902,58550.558464,100.0,True,0,233,0:233
20261004T024904,40517.141504,100.0,True,1,225,1:225
20261004T024904,51471.178752,100.0,True,2,223,2:223
20261004T024905,54722.03392,100.0,True,1,222,1:222
20261004T024909,46106.491648,100.0,True,0,237,0:237
20261004T024909,51645.952256,100.0,True,2,224,2:224
20261004T024911,62002.678272,100.0,True,0,234,0:234
20261004T024911,52893.522176,100.0,True,0,236,0:236
20261004T024911,51380.491008,100.0,True,1,224,1:224
20261004T024911,47990.95808,100.0,True,2,225,2:225
20261004T024911,42958.03392,100.0,True,3,237,3:237
20261004T024913,44439.415808,100.0,True,0,238,0:238
20261004T024914,60200.266752,100.0,True,3,234,3:234
20261004T024915,56340.062976,100.0,True,3,235,3:235
20261004T024918,54464.542976,100.0,True,3,236,3:236
20261004T024921,42719.254016,100.0,True,1,228,1:228
20261004T024923,39743.945728,100.0,True,1,229,1:229
20261004T024924,55407.461888,100.0,True,1,226,1:226
20261004T024925,37154.480896,100.0,True,1,230,1:230
20261004T024925,48336.763648,100.0,True,2,228,2:228
20261004T024926,58486.569216,100.0,True,2,226,2:226
20261004T024929,56325.420288,100.0,True,1,227,1:227
20261004T024929,56496.86912,100.0,True,2,227,2:227
20261004T024929,49503.743488,100.0,True,3,239,3:239
20261004T024932,56900.946432,100.0,True,0,239,0:239
20261004T024932,58776.036352,100.0,True,3,238,3:238
20261004T024937,51410.127872,100.0,True,0,241,0:241
20261004T024937,55277.188352,100.0,True,2,229,2:229
20261004T024937,39402.626304,100.0,True,3,243,3:243
20261004T024939,60427.055104,100.0,True,0,240,0:240
20261004T024939,45704.858624,100.0,True,3,242,3:242
20261004T024942,52947.336704,100.0,True,3,241,3:241
20261004T024943,56805.806848,100.0,True,2,230,2:230
20261004T024943,39412.741888,100.0,True,2,233,2:233
20261004T024945,53401.512192,100.0,True,2,231,2:231
20261004T024946,39244.399872,100.0,True,1,234,1:234
20261004T024946,61692.935424,100.0,True,3,240,3:240
20261004T024948,37657.720576,100.0,True,0,246,0:246
20261004T024949,47373.72672,100.0,True,1,233,1:233
20261004T024950,52942.883328,100.0,True,2,232,2:232
20261004T024950,40498.988032,100.0,True,3,245,3:245
20261004T024952,54486.595328,100.0,True,0,243,0:243
20261004T024953,61887.322624,100.0,True,0,242,0:242
20261004T024954,46668.724736,100.0,True,0,245,0:245
20261004T024954,59930.03264,100.0,True,1,231,1:231
20261004T024955,43899.960064,100.0,True,1,235,1:235
20261004T024957,54278.388736,100.0,True,0,244,0:244
20261004T024957,42564.590336,100.0,True,0,247,0:247
20261004T024957,59037.092864,100.0,True,1,232,1:232
20261004T024957,42646.229248,100.0,True,3,246,3:246
20261004T024959,55292.311552,100.0,True,3,244,3:244
20261004T025002,48089.9904,100.0,True,2,235,2:235
20261004T025005,48943.942656,100.0,True,1,236,1:236
20261004T025006,46888.80768,100.0,True,0,248,0:248
20261004T025008,43645.334528,100.0,True,0,249,0:249
20261004T025008,47818.574592,100.0,True,1,237,1:237
20261004T025009,37805.264896,100.0,True,1,239,1:239
20261004T025009,60566.98624,100.0,True,2,234,2:234
20261004T025010,45563.761664,100.0,True,3,248,3:248
20261004T025012,42687.057664,100.0,True,0,250,0:250
20261004T025013,38872.60928,100.0,True,3,250,3:250
20261004T025014,54957.535232,100.0,True,3,247,3:247
20261004T025015,50150.023936,100.0,True,1,238,1:238
20261004T025017,56778.272,100.0,True,2,236,2:236
20261004T025020,52630.845696,100.0,True,2,237,2:237
20261004T025022,42197.661184,100.0,True,0,252,0:252
20261004T025026,43632.911616,100.0,True,2,240,2:240
20261004T025027,54118.860288,100.0,True,2,238,2:238
20261004T025028,37971.787776,100.0,True,0,254,0:254
20261004T025028,57969.857024,100.0,True,3,249,3:249
20261004T025029,45325.98016,100.0,True,1,241,1:241
20261004T025030,39995.671808,100.0,True,1,242,1:242
20261004T025032,57952.461824,100.0,True,0,251,0:251
20261004T025032,48042.29888,100.0,True,3,252,3:252
20261004T025034,56140.277248,100.0,True,2,239,2:239
20261004T025035,50226.83776,100.0,True,0,253,0:253
20261004T025035,41403.123456,100.0,True,1,243,1:243
20261004T025037,60083.828736,100.0,True,1,240,1:240
20261004T025038,39729.637888,100.0,True,1,244,1:244
20261004T025039,45394.072576,100.0,True,0,255,0:255
20261004T025040,48021.85728,100.0,True,2,242,2:242
20261004T025040,60303.477504,100.0,True,3,251,3:251
20261004T025040,50791.608064,100.0,True,3,253,3:253
20261004T025045,57289.42208,100.0,True,2,241,2:241
20261004T025046,41980.17664,100.0,True,1,245,1:245
20261004T025047,54035.92192,100.0,True,3,254,3:254
20261004T025048,49277.05344,100.0,True,0,256,0:256
20261004T025048,39987.151872,100.0,True,0,258,0:258
20261004T025048,40725.504256,100.0,True,3,257,3:257
20261004T025050,51022.64576,100.0,True,2,243,2:243
20261004T025051,46652.624128,100.0,True,0,257,0:257
20261004T025051,47826.518272,100.0,True,2,244,2:244
20261004T025051,53459.421696,100.0,True,3,255,3:255
20261004T025052,43158.083328,100.0,True,2,245,2:245
20261004T025054,37526.050816,100.0,True,3,259,3:259
20261004T025055,52578.394368,100.0,True,3,256,3:256
20261004T025059,44700.068096,100.0,True,1,247,1:247
20261004T025103,50175.524352,100.0,True,0,259,0:259
20261004T025105,52862.710528,100.0,True,3,258,3:258
20261004T025107,49721.227776,100.0,True,0,260,0:260
20261004T025107,56563.936,100.0,True,1,246,1:246
20261004T025109,47646.920448,100.0,True,2,247,2:247
20261004T025110,55659.389184,100.0,True,2,246,2:246
20261004T025115,44037.144576,100.0,True,1,250,1:250
20261004T025117,54109.719296,100.0,True,0,261,0:261
20261004T025118,58156.699392,100.0,True,1,248,1:248
20261004T025118,57993.7984,100.0,True,3,260,3:260
20261004T025119,40154.021376,100.0,True,1,252,1:252
20261004T025119,47032.259584,100.0,True,2,249,2:249
20261004T025120,45418.128896,100.0,True,0,263,0:263
20261004T025121,46149.889792,100.0,True,1,251,1:251
20261004T025121,49615.078656,100.0,True,3,262,3:262
20261004T025122,39913.45536,100.0,True,0,265,0:265
20261004T025124,55229.297664,100.0,True,0,262,0:262
20261004T025124,46694.273024,100.0,True,2,250,2:250
20261004T025124,38634.53056,100.0,True,2,252,2:252
20261004T025125,59775.799808,100.0,True,1,249,1:249
20261004T025127,60886.666752,100.0,True,2,248,2:248
20261004T025128,60759.426048,100.0,True,3,261,3:261
20261004T025130,38219.95904,100.0,True,0,267,0:267
20261004T025134,55594.45376,100.0,True,0,264,0:264
20261004T025135,42222.307328,100.0,True,1,255,1:255
20261004T025135,58541.405952,100.0,True,3,263,3:263
20261004T025135,41140.036864,100.0,True,3,266,3:266
20261004T025136,53772.750336,100.0,True,3,264,3:264
20261004T025140,42763.35872,100.0,True,3,267,3:267
20261004T025141,52471.764224,100.0,True,0,266,0:266
20261004T025142,53479.431424,100.0,True,3,265,3:265
20261004T025142,38893.208832,100.0,True,3,268,3:268
20261004T025143,60167.182848,100.0,True,1,253,1:253
20261004T025143,54837.143808,100.0,True,1,254,1:254
20261004T025143,62003.310592,100.0,True,2,251,2:251
20261004T025144,53145.6,100.0,True,2,253,2:253
20261004T025144,49350.737152,100.0,True,2,254,2:254
20261004T025146,37964.790272,100.0,True,0,270,0:270
20261004T025147,47265.922816,100.0,True,2,255,2:255
20261004T025149,50908.294656,100.0,True,1,256,1:256
20261004T025151,43286.73024,100.0,True,3,269,3:269
20261004T025152,54988.713728,100.0,True,0,268,0:268
20261004T025154,40920.473856,100.0,True,3,270,3:270
20261004T025158,53173.074688,100.0,True,1,257,1:257
20261004T025200,40519.474944,100.0,True,0,272,0:272
20261004T025200,44501.25952,100.0,True,2,258,2:258
20261004T025202,59378.175232,100.0,True,0,269,0:269
20261004T025202,57097.412608,100.0,True,2,256,2:256
20261004T025202,37304.965376,100.0,True,3,272,3:272
20261004T025203,39173.31968,100.0,True,0,273,0:273
20261004T025203,38653.45024,100.0,True,1,261,1:261
20261004T025204,52712.312064,100.0,True,2,257,2:257
20261004T025206,47481.952256,100.0,True,3,271,3:271
20261004T025207,55625.787904,100.0,True,1,258,1:258
20261004T025207,37462.302464,100.0,True,1,262,1:262
20261004T025207,41772.6208,100.0,True,2,260,2:260
20261004T025208,55159.011072,100.0,True,0,271,0:271
20261004T025210,37918.71104,100.0,True,0,275,0:275
20261004T025212,38575.236608,100.0,True,1,263,1:263
20261004T025212,43098.655744,100.0,True,3,273,3:273
20261004T025215,59211.848192,100.0,True,1,259,1:259
20261004T025215,43859.12192,100.0,True,2,261,2:261
20261004T025217,56452.632576,100.0,True,1,260,1:260
20261004T025218,56798.670336,100.0,True,2,259,2:259
20261004T025218,39100.519168,100.0,True,3,275,3:275
20261004T025224,40390.287104,100.0,True,0,277,0:277
20261004T025224,36976.232192,100.0,True,0,278,0:278
20261004T025224,47453.330432,100.0,True,2,262,2:262
20261004T025225,51188.361216,100.0,True,3,274,3:274
20261004T025226,35922.96832,100.0,True,3,277,3:277
20261004T025227,58542.582016,100.0,True,0,274,0:274
20261004T025228,45839.097344,100.0,True,2,263,2:263
20261004T025229,46715.667968,100.0,True,1,265,1:265
20261004T025232,36628.106496,100.0,True,3,278,3:278
20261004T025234,55412.133376,100.0,True,1,264,1:264
20261004T025236,59163.373568,100.0,True,0,276,0:276
20261004T025236,44504.938496,100.0,True,0,279,0:279
20261004T025236,49797.659904,100.0,True,1,266,1:266
20261004T025238,47406.491136,100.0,True,2,265,2:265
20261004T025239,36342.030592,100.0,True,0,282,0:282
20261004T025239,53944.586752,100.0,True,3,276,3:276
20261004T025240,42987.795456,100.0,True,2,266,2:266
20261004T025241,41560.30208,100.0,True,0,281,0:281
20261004T025241,37271.985408,100.0,True,1,269,1:269
20261004T025241,55129.947904,100.0,True,2,264,2:264
20261004T025243,47453.300224,100.0,True,0,280,0:280
20261004T025244,53629.553152,100.0,True,1,267,1:267
20261004T025248,45184.551168,100.0,True,2,267,2:267
20261004T025249,51757.533952,100.0,True,1,268,1:268
20261004T025254,36648.237568,100.0,True,0,285,0:285
20261004T025254,36711.340032,100.0,True,1,272,1:272
20261004T025254,44758.587392,100.0,True,2,268,2:268
20261004T025256,54866.541056,100.0,True,3,279,3:279
20261004T025258,50971.620608,100.0,True,1,270,1:270
20261004T025258,41573.74592,100.0,True,3,282,3:282
20261004T025304,50808.148224,100.0,True,1,271,1:271
20261004T025304,58081.571328,100.0,True,3,280,3:280
20261004T025305,56603.047168,100.0,True,0,283,0:283
20261004T025306,44670.278144,100.0,True,2,270,2:270
20261004T025306,45669.09568,100.0,True,3,283,3:283
20261004T025308,52119.60448,100.0,True,2,269,2:269
20261004T025309,56372.096,100.0,True,0,284,0:284
20261004T025310,57987.38432,100.0,True,3,281,3:281
20261004T025312,44014.240768,100.0,True,0,287,0:287
20261004T025313,47480.448768,100.0,True,2,271,2:271
20261004T025316,45127.061504,100.0,True,2,272,2:272
20261004T025317,46428.832,100.0,True,3,285,3:285
20261004T025319,57226.826752,100.0,True,0,286,0:286
20261004T025319,55652.343808,100.0,True,1,273,1:273
20261004T025322,55401.600768,100.0,True,3,284,3:284
20261004T025325,50851.314432,100.0,True,1,275,1:275
20261004T025327,59319.243776,100.0,True,1,274,1:274
20261004T025328,48692.049152,100.0,True,1,276,1:276
20261004T025329,57402.33344,100.0,True,0,288,0:288
20261004T025329,54495.15008,100.0,True,3,286,3:286
20261004T025331,49553.284352,100.0,True,2,274,2:274
20261004T025333,52552.32512,100.0,True,0,290,0:290
20261004T025334,47837.900288,100.0,True,1,277,1:277
20261004T025334,57487.556608,100.0,True,2,273,2:273
20261004T025335,60231.459584,100.0,True,0,289,0:289
20261004T025335,56304.023552,100.0,True,3,287,3:287
20261004T025335,49569.585408,100.0,True,3,288,3:288
20261004T025338,45246.67392,100.0,True,0,293,0:293
20261004T025339,38559.4112,100.0,True,3,291,3:291
20261004T025342,52229.346816,100.0,True,3,289,3:289
20261004T025343,44776.983552,100.0,True,0,294,0:294
20261004T025344,51312.2112,100.0,True,2,276,2:276
20261004T025345,58661.011456,100.0,True,2,275,2:275
20261004T025346,62505.008384,100.0,True,0,291,0:291
20261004T025346,57591.914752,100.0,True,0,292,0:292
20261004T025348,49734.145536,100.0,True,1,279,1:279
20261004T025348,44587.472384,100.0,True,2,278,2:278
20261004T025349,57080.21376,100.0,True,1,278,1:278
20261004T025349,50378.269952,100.0,True,2,277,2:277
20261004T025349,53815.648768,100.0,True,3,290,3:290
20261004T025353,39493.516544,100.0,True,3,294,3:294
20261004T025357,53613.680896,100.0,True,0,295,0:295
20261004T025358,53612.78848,100.0,True,3,292,3:292
20261004T025402,54362.181632,100.0,True,2,279,2:279
20261004T025403,55080.47232,100.0,True,1,281,1:281
20261004T025404,57022.374656,100.0,True,0,296,0:296
20261004T025404,46574.173184,100.0,True,1,283,1:283
20261004T025405,56767.792384,100.0,True,3,293,3:293
20261004T025405,47321.473024,100.0,True,3,295,3:295
20261004T025407,51527.743232,100.0,True,0,298,0:298
20261004T025407,62513.174528,100.0,True,1,280,1:280
20261004T025407,39760.978432,100.0,True,1,285,1:285
20261004T025408,56545.60256,100.0,True,0,297,0:297
20261004T025409,56873.169664,100.0,True,2,280,2:280
20261004T025410,50756.4352,100.0,True,0,299,0:299
20261004T025415,61318.028288,100.0,True,1,282,1:282
20261004T025417,53755.541248,100.0,True,2,282,2:282
20261004T025418,53077.782784,100.0,True,0,300,0:300
20261004T025418,45652.996096,100.0,True,1,286,1:286
20261004T025421,47248.961792,100.0,True,0,302,0:302
20261004T025421,41080.486912,100.0,True,2,285,2:285
20261004T025422,60408.816384,100.0,True,3,296,3:296
20261004T025423,64588.039936,100.0,True,2,281,2:281
20261004T025424,61270.706432,100.0,True,1,284,1:284
20261004T025424,56192.873728,100.0,True,3,297,3:297
20261004T025425,39297.249792,100.0,True,2,286,2:286
20261004T025426,48170.251776,100.0,True,1,287,1:287
20261004T025427,53107.50976,100.0,True,2,284,2:284
20261004T025427,39649.686784,100.0,True,3,301,3:301
20261004T025428,48853.562112,100.0,True,3,299,3:299
20261004T025431,56773.3824,100.0,True,3,298,3:298
20261004T025431,47487.038464,100.0,True,3,300,3:300
20261004T025432,62481.016576,100.0,True,0,301,0:301
20261004T025432,39665.22752,100.0,True,1,290,1:290
20261004T025433,63840.31872,100.0,True,2,283,2:283
20261004T025436,48955.626752,100.0,True,1,289,1:289
20261004T025437,58186.1888,100.0,True,0,303,0:303
20261004T025437,38972.223488,100.0,True,1,291,1:291
20261004T025438,42008.186368,100.0,True,3,303,3:303
20261004T025439,40167.916288,100.0,True,0,307,0:307
20261004T025441,47121.032704,100.0,True,0,306,0:306
20261004T025441,49087.449088,100.0,True,2,287,2:287
20261004T025442,58331.529216,100.0,True,0,304,0:304
20261004T025442,60043.397632,100.0,True,1,288,1:288
20261004T025446,37737.535232,100.0,True,2,290,2:290
20261004T025446,55055.122688,100.0,True,3,302,3:302
20261004T025450,60202.872832,100.0,True,0,305,0:305
20261004T025454,49889.244672,100.0,True,2,289,2:289
20261004T025454,53747.85536,100.0,True,3,304,3:304
20261004T025456,39494.19392,100.0,True,1,294,1:294
20261004T025458,53966.670592,100.0,True,1,292,1:292
20261004T025459,46561.50784,100.0,True,0,310,0:310
20261004T025459,41904.781568,100.0,True,0,311,0:311
20261004T025500,52415.75552,100.0,True,0,309,0:309
20261004T025500,62019.088384,100.0,True,2,288,2:288
20261004T025500,48730.823168,100.0,True,3,306,3:306
20261004T025501,57961.44384,100.0,True,0,308,0:308
20261004T025501,38897.289472,100.0,True,1,295,1:295
20261004T025501,43688.972032,100.0,True,2,292,2:292
20261004T025501,54770.713344,100.0,True,3,305,3:305
20261004T025503,50984.066048,100.0,True,2,291,2:291
20261004T025507,46288.075008,100.0,True,3,308,3:308
20261004T025508,39909.63968,100.0,True,2,294,2:294
20261004T025510,59570.06976,100.0,True,1,293,1:293
20261004T025510,48525.953536,100.0,True,2,293,2:293
20261004T025511,55087.52384,100.0,True,3,307,3:307
20261004T025518,45476.66688,100.0,True,3,310,3:310
20261004T025518,39386.66368,100.0,True,3,311,3:311
20261004T025519,38501.32992,100.0,True,1,298,1:298
20261004T025521,42637.240832,100.0,True,2,296,2:296
20261004T025523,61302.389248,100.0,True,0,312,0:312
20261004T025523,54587.06816,100.0,True,1,296,1:296
20261004T025523,47354.225664,100.0,True,1,297,1:297
20261004T025524,57592.645632,100.0,True,0,313,0:313
20261004T025524,39263.041792,100.0,True,1,299,1:299
20261004T025524,41981.25824,100.0,True,2,297,2:297
20261004T025525,58290.363904,100.0,True,3,309,3:309
20261004T025526,39169.528832,100.0,True,0,317,0:317
20261004T025528,56647.767808,100.0,True,0,314,0:314
20261004T025528,54573.535744,100.0,True,2,295,2:295
20261004T025528,39081.478144,100.0,True,3,313,3:313
20261004T025530,48447.204096,100.0,True,0,316,0:316
20261004T025530,42884.892928,100.0,True,2,298,2:298
20261004T025531,38846.273536,100.0,True,2,299,2:299
20261004T025535,59167.81056,100.0,True,0,315,0:315
20261004T025537,41615.157504,100.0,True,0,319,0:319
20261004T025543,39037.651968,100.0,True,1,303,1:303
20261004T025543,59547.71456,100.0,True,3,312,3:312
20261004T025545,39566.82112,100.0,True,0,321,0:321
20261004T025546,57074.922752,100.0,True,1,300,1:300
20261004T025547,52402.042368,100.0,True,1,301,1:301
20261004T025547,52899.4624,100.0,True,3,314,3:314
20261004T025549,56528.869888,100.0,True,0,318,0:318
20261004T025549,48086.901504,100.0,True,0,320,0:320
20261004T025549,49134.221312,100.0,True,1,302,1:302
20261004T025550,50044.978944,100.0,True,3,315,3:315
20261004T025552,55796.391168,100.0,True,2,300,2:300
20261004T025552,44284.041728,100.0,True,2,302,2:302
20261004T025553,41854.601984,100.0,True,0,322,0:322
20261004T025559,55979.792896,100.0,True,3,316,3:316
20261004T025600,44077.71392,100.0,True,0,323,0:323
20261004T025603,60760.970752,100.0,True,2,301,2:301
20261004T025604,40842.832128,100.0,True,0,325,0:325
20261004T025604,52563.658752,100.0,True,1,305,1:305
20261004T025605,57548.616192,100.0,True,1,304,1:304
20261004T025605,50651.112704,100.0,True,3,318,3:318
20261004T025608,38879.229696,100.0,True,0,326,0:326
20261004T025609,49575.190016,100.0,True,0,324,0:324
20261004T025609,55554.08768,100.0,True,2,303,2:303
20261004T025609,50164.422656,100.0,True,2,304,2:304
20261004T025610,42622.26944,100.0,True,1,308,1:308
20261004T025610,61357.402112,100.0,True,3,317,3:317
20261004T025611,46366.464,100.0,True,2,305,2:305
20261004T025613,51517.194496,100.0,True,1,307,1:307
20261004T025613,53493.306112,100.0,True,3,319,3:319
20261004T025616,42085.176576,100.0,True,1,309,1:309
20261004T025617,60900.861696,100.0,True,1,306,1:306
20261004T025617,51077.224448,100.0,True,3,320,3:320
20261004T025621,43794.777344,100.0,True,1,310,1:310
20261004T025622,40239.13728,100.0,True,1,311,1:311
20261004T025622,50998.367488,100.0,True,2,306,2:306
20261004T025625,51922.821632,100.0,True,0,327,0:327
20261004T025625,51363.451648,100.0,True,3,322,3:322
20261004T025626,47497.8816,100.0,True,0,328,0:328
20261004T025626,56098.098432,100.0,True,3,321,3:321
20261004T025627,52222.515456,100.0,True,2,307,2:307
20261004T025630,45098.43328,100.0,True,2,309,2:309
20261004T025630,40532.484352,100.0,True,3,325,3:325
20261004T025631,40958.443776,100.0,True,1,313,1:313
20261004T025631,51106.024704,100.0,True,3,323,3:323
20261004T025631,46295.3152,100.0,True,3,324,3:324
20261004T025634,47719.359744,100.0,True,1,312,1:312
20261004T025635,54262.258432,100.0,True,2,308,2:308
20261004T025636,42503.582464,100.0,True,1,314,1:314
20261004T025639,54613.925888,100.0,True,0,329,0:329
20261004T025640,36367.046144,100.0,True,3,328,3:328
20261004T025642,51782.162176,100.0,True,2,310,2:310
20261004T025644,50903.064832,100.0,True,3,326,3:326
20261004T025644,45568.42752,100.0,True,3,327,3:327
20261004T025645,54725.58976,100.0,True,0,330,0:330
20261004T025647,41360.148224,100.0,True,0,333,0:333
20261004T025647,45344.855296,100.0,True,2,312,2:312
20261004T025648,51518.997504,100.0,True,0,331,0:331
20261004T025652,42551.437312,100.0,True,1,317,1:317
20261004T025653,52853.162752,100.0,True,1,315,1:315
20261004T025654,42940.062976,100.0,True,0,334,0:334
20261004T025654,43327.646208,100.0,True,3,329,3:329
20261004T025655,39639.029248,100.0,True,1,318,1:318
20261004T025655,60235.983872,100.0,True,2,311,2:311
20261004T025656,55564.364032,100.0,True,0,332,0:332
20261004T025657,52197.216512,100.0,True,1,316,1:316
20261004T025700,43412.610816,100.0,True,0,335,0:335
20261004T025700,47040.473856,100.0,True,2,314,2:314
20261004T025703,37370.843392,100.0,True,3,332,3:332
20261004T025705,57801.644288,100.0,True,2,313,2:313
20261004T025705,43762.247936,100.0,True,3,331,3:331
20261004T025707,45165.668096,100.0,True,0,336,0:336
20261004T025707,39151.352064,100.0,True,2,317,2:317
20261004T025707,50316.805888,100.0,True,3,330,3:330
20261004T025711,43937.193728,100.0,True,1,320,1:320
20261004T025712,43535.670272,100.0,True,0,337,0:337
20261004T025714,51369.221888,100.0,True,1,319,1:319
20261004T025714,54656.665344,100.0,True,2,315,2:315
20261004T025714,37144.94592,100.0,True,3,334,3:334
20261004T025716,51370.267648,100.0,True,2,316,2:316
20261004T025718,43572.660224,100.0,True,0,338,0:338
20261004T025718,38202.04416,100.0,True,2,319,2:319
20261004T025721,49264.667136,100.0,True,1,321,1:321
20261004T025722,39900.876544,100.0,True,1,323,1:323
20261004T025724,39712.155136,100.0,True,2,320,2:320
20261004T025728,57263.442432,100.0,True,3,333,3:333
20261004T025730,57103.042304,100.0,True,2,318,2:318
20261004T025730,42903.448576,100.0,True,3,336,3:336
20261004T025731,39931.63392,100.0,True,0,341,0:341
20261004T025732,52060.02304,100.0,True,0,339,0:339
20261004T025735,48300.24064,100.0,True,1,324,1:324
20261004T025736,58462.911232,100.0,True,1,322,1:322
20261004T025737,35482.821376,100.0,True,2,323,2:323
20261004T025737,54876.676096,100.0,True,3,335,3:335
20261004T025738,42214.432768,100.0,True,0,342,0:342
20261004T025738,46873.827328,100.0,True,3,337,3:337
20261004T025739,48085.007616,100.0,True,2,321,2:321
20261004T025739,36880.165376,100.0,True,3,339,3:339
20261004T025740,40294.46272,100.0,True,0,343,0:343
20261004T025742,55705.188864,100.0,True,0,340,0:340
20261004T025744,51573.41312,100.0,True,1,325,1:325
20261004T025749,41110.181888,100.0,True,3,340,3:340
20261004T025754,44247.63648,100.0,True,1,328,1:328
20261004T025754,58801.125376,100.0,True,2,322,2:322
20261004T025755,43411.948288,100.0,True,2,325,2:325
20261004T025756,59090.368512,100.0,True,3,338,3:338
20261004T025758,52914.584576,100.0,True,0,344,0:344
20261004T025758,44785.319936,100.0,True,0,346,0:346
20261004T025758,59232.748288,100.0,True,1,326,1:326
20261004T025759,54056.681216,100.0,True,1,327,1:327
20261004T025759,46124.662016,100.0,True,3,341,3:341
20261004T025759,40925.980928,100.0,True,3,342,3:342
20261004T025801,55586.372864,100.0,True,2,324,2:324
20261004T025802,44524.33792,100.0,True,2,326,2:326
20261004T025803,40346.374144,100.0,True,3,343,3:343
20261004T025807,42431.818496,100.0,True,0,349,0:349
20261004T025808,59205.517056,100.0,True,0,345,0:345
20261004T025808,43194.907648,100.0,True,1,331,1:331
20261004T025810,48450.087424,100.0,True,2,327,2:327
20261004T025811,50142.970624,100.0,True,0,348,0:348
20261004T025812,46550.283008,100.0,True,2,328,2:328
20261004T025813,43220.17152,100.0,True,0,350,0:350
20261004T025813,57597.595392,100.0,True,1,329,1:329
20261004T025817,60462.008832,100.0,True,0,347,0:347
20261004T025817,46745.43488,100.0,True,1,332,1:332
20261004T025817,42177.370368,100.0,True,2,330,2:330
20261004T025817,49855.43168,100.0,True,3,344,3:344
20261004T025818,58292.592384,100.0,True,1,330,1:330
20261004T025819,37573.819904,100.0,True,1,334,1:334
20261004T025819,37698.145024,100.0,True,3,347,3:347
20261004T025820,44767.51872,100.0,True,0,351,0:351
20261004T025824,39126.245376,100.0,True,1,335,1:335
20261004T025827,47016.740096,100.0,True,0,352,0:352
20261004T025828,56552.103936,100.0,True,2,329,2:329
20261004T025830,53646.006016,100.0,True,1,333,1:333
20261004T025831,45093.669376,100.0,True,0,353,0:353
20261004T025831,59570.097408,100.0,True,3,345,3:345
20261004T025832,40223.095808,100.0,True,0,354,0:354
20261004T025832,39807.608064,100.0,True,2,333,2:333
20261004T025835,48223.677184,100.0,True,3,348,3:348
20261004T025836,48569.23392,100.0,True,2,332,2:332
20261004T025836,60905.038592,100.0,True,3,346,3:346
20261004T025837,38437.680896,100.0,True,1,338,1:338
20261004T025840,58258.59456,100.0,True,2,331,2:331
20261004T025840,38607.216896,100.0,True,3,351,3:351
20261004T025845,49101.541888,100.0,True,0,355,0:355
20261004T025846,56001.001216,100.0,True,1,336,1:336
20261004T025848,43949.260032,100.0,True,2,335,2:335
20261004T025850,44208.90752,100.0,True,3,352,3:352
20261004T025852,60518.037504,100.0,True,3,349,3:349
20261004T025853,59078.311424,100.0,True,1,337,1:337
20261004T025854,46126.236672,100.0,True,0,357,0:357
20261004T025854,56518.473728,100.0,True,2,334,2:334
20261004T025854,39114.187776,100.0,True,2,337,2:337
20261004T025856,40729.998848,100.0,True,1,341,1:341
20261004T025858,61581.968896,100.0,True,3,350,3:350
20261004T025859,49973.019904,100.0,True,2,336,2:336
20261004T025859,48268.914944,100.0,True,3,353,3:353
20261004T025902,59326.035456,100.0,True,0,356,0:356
20261004T025903,39682.973696,100.0,True,0,360,0:360
20261004T025903,59224.557312,100.0,True,1,339,1:339
20261004T025903,51910.632704,100.0,True,1,340,1:340
20261004T025904,39586.998784,100.0,True,3,356,3:356
20261004T025906,46759.260672,100.0,True,3,355,3:355
20261004T025907,53842.936576,100.0,True,0,358,0:358
20261004T025907,46529.058816,100.0,True,1,342,1:342
20261004T025909,43557.726976,100.0,True,1,343,1:343
20261004T025911,45335.073024,100.0,True,2,339,2:339
20261004T025912,39204.306944,100.0,True,0,362,0:362
20261004T025914,58556.308224,100.0,True,3,354,3:354
20261004T025916,57959.524608,100.0,True,0,359,0:359
20261004T025918,39860.671744,100.0,True,3,359,3:359
20261004T025919,51197.158912,100.0,True,0,361,0:361
20261004T025919,59295.673344,100.0,True,2,338,2:338
20261004T025919,48725.634304,100.0,True,2,340,2:340
20261004T025920,42969.425408,100.0,True,1,345,1:345
20261004T025920,40935.209984,100.0,True,2,342,2:342
20261004T025924,50348.981248,100.0,True,3,358,3:358
20261004T025925,56621.907968,100.0,True,3,357,3:357
20261004T025926,38402.081792,100.0,True,1,347,1:347
20261004T025927,44098.409728,100.0,True,0,364,0:364
20261004T025929,57610.627584,100.0,True,1,344,1:344
20261004T025930,53235.724288,100.0,True,0,363,0:363
20261004T025930,56219.543296,100.0,True,2,341,2:341
20261004T025931,37792.205056,100.0,True,2,345,2:345
20261004T025932,42724.579584,100.0,True,2,344,2:344
20261004T025933,39899.136256,100.0,True,0,366,0:366
20261004T025933,50750.105344,100.0,True,1,346,1:346
20261004T025935,52120.352256,100.0,True,2,343,2:343
20261004T025936,53040.424704,100.0,True,3,360,3:360
20261004T025938,37011.823104,100.0,True,3,363,3:363
20261004T025939,42207.534848,100.0,True,0,367,0:367
20261004T025939,46966.932736,100.0,True,1,348,1:348
20261004T025940,53190.776832,100.0,True,0,365,0:365
20261004T025945,56100.0448,100.0,True,3,361,3:361
20261004T025947,48677.764096,100.0,True,1,349,1:349
20261004T025948,46681.709824,100.0,True,0,368,0:368
20261004T025948,53905.489664,100.0,True,3,362,3:362
20261004T025949,41447.831296,100.0,True,0,369,0:369
20261004T025949,52072.263168,100.0,True,2,346,2:346
20261004T025950,48306.125312,100.0,True,1,350,1:350
20261004T025953,45157.929728,100.0,True,1,351,1:351
20261004T025953,45322.994688,100.0,True,2,348,2:348
20261004T025954,51146.47296,100.0,True,2,347,2:347
20261004T025954,47293.453824,100.0,True,3,364,3:364
20261004T025957,45736.009728,100.0,True,2,349,2:349
