request_idx,request_sent_at_utc,first_token_at_utc,full_response_received_at_utc,successful_request,records_in_request,response_token_count,input_token_count,output_token_count,first_token_ms,request_duration_ms,token_generation_duration_sum_ms,token_generation_duration_avg_ms,token_generation_duration_min_ms,token_generation_duration_max_ms,token_generation_duration_stdev_ms,token_generation_duration_p95_ms,inter_token_interval_avg_ms,inter_token_interval_stdev_ms,tokens_per_second,worker_idx,exp_num_users,workload_profile,exclude,consistent,error,response_char_count,success_rate
0,2026-09-22T17:40:06.794+00:00,2026-09-22T17:40:06.880+00:00,2026-09-22T17:41:14.993+00:00,True,1192,1192.0,,1192.0,86.132159,68198.969279,68198.969156,57.21390029865772,0.864051,182.64228500000002,19.015412579318433,84.45911899999999,57.18961974811083,19.00490420301871,17.478270017887848,0,5,,False,True,,6644,100.0
1,2026-09-22T17:40:11.675+00:00,2026-09-22T17:40:11.829+00:00,2026-09-22T17:41:10.573+00:00,True,1009,1009.0,,1009.0,154.061982,58897.758366,58897.758496,58.372406834489595,0.04195,158.766941,18.042240477197698,83.16470140000001,58.27747657142857,17.79730021685876,17.131382042248774,0,5,,False,True,,4763,100.0
2,2026-09-22T17:40:16.614+00:00,2026-09-22T17:40:16.799+00:00,2026-09-22T17:41:27.550+00:00,True,1087,1087.0,,1087.0,185.111737,70936.381369,70936.381395,65.25886052897884,40.159002,276.599188,20.297273195216324,84.9127543,65.14849874033149,19.977676106785793,15.323589659100252,0,5,,False,True,,1630,100.0
3,2026-09-22T17:40:22.292+00:00,2026-09-22T17:40:22.457+00:00,2026-09-22T17:42:07.986+00:00,True,1396,1396.0,,1396.0,164.35228,105693.973528,105693.973554,75.71201543982808,42.19548399999999,359.068575,31.240402277297473,86.78917849999999,75.64847401290322,31.161232630084246,13.207943210027747,0,5,,False,True,,5686,100.0
4,2026-09-22T17:40:26.568+00:00,2026-09-22T17:40:26.838+00:00,2026-09-22T17:41:47.139+00:00,True,1087,1087.0,,1087.0,269.649264,80570.92644800001,80570.926525,74.12228751149954,1.4761110000000002,359.87989600000003,24.617398967488374,85.258619,73.94224418416206,23.902025166072743,13.491218829431523,0,5,,False,True,,3887,100.0
5,2026-09-22T17:40:31.111+00:00,2026-09-22T17:40:31.255+00:00,2026-09-22T17:42:03.062+00:00,True,1165,1165.0,,1165.0,144.362754,91950.72896200001,91950.728829,78.92766423090129,49.89185,356.552983,30.254360057318195,86.05245299999999,78.8714486323024,30.206433501555892,12.669828865429151,0,5,,False,True,,5453,100.0
6,2026-09-22T17:40:36.636+00:00,2026-09-22T17:40:36.774+00:00,2026-09-22T17:42:22.556+00:00,True,1265,1265.0,,1265.0,138.502839,105919.942839,105919.94296,83.73118020553359,53.31694,358.485435,33.72971841255977,90.747479,83.68784810126581,33.70782611091967,11.94298227598952,0,5,,False,True,,5672,100.0
7,2026-09-22T17:40:41.642+00:00,2026-09-22T17:40:41.888+00:00,2026-09-22T17:42:46.777+00:00,True,1431,1431.0,,1431.0,245.33915,125134.924302,125134.924489,87.44578930048917,58.724564,357.906115,35.66046183003032,91.81028,87.33537423216782,35.42739824308442,11.435656416320928,0,5,,False,True,,3922,100.0
8,2026-09-22T17:40:47.261+00:00,2026-09-22T17:40:47.490+00:00,2026-09-22T17:42:58.397+00:00,True,1472,1472.0,,1472.0,228.918881,131136.336993,131136.337102,89.08718553125,63.373716,357.27243400000003,35.6181722407676,91.780043,88.99212652073419,35.44300464643458,11.22495895305185,0,5,,False,True,,6356,100.0
9,2026-09-22T17:40:52.689+00:00,2026-09-22T17:40:52.844+00:00,2026-09-22T17:42:35.408+00:00,True,1147,1147.0,,1147.0,155.264149,102718.907285,102718.907216,89.55440908108108,66.555798,358.09365399999996,36.275617482199635,93.6035844,89.49707079930192,36.239411910645074,11.166396044474823,0,5,,False,True,,1288,100.0
10,2026-09-22T17:40:57.780+00:00,2026-09-22T17:40:57.999+00:00,2026-09-22T17:43:15.528+00:00,True,1449,1449.0,,1449.0,219.22348499999998,137747.397053,137747.397196,95.06376618081435,72.190651,2436.671952,94.50733671439554,91.526868,94.9780204198895,94.48358703116457,10.519255034942544,0,5,,False,True,,6412,100.0
11,2026-09-22T17:41:01.394+00:00,2026-09-22T17:41:01.624+00:00,2026-09-22T17:43:00.838+00:00,True,1032,1032.0,,1032.0,229.981111,119444.514999,119444.514944,115.74080905426356,73.850432,8041.151613,344.15852712295884,141.44858940000003,115.63000377109601,344.30714010868115,8.639994896447442,0,5,,False,True,,3584,100.0
12,2026-09-22T17:41:06.052+00:00,2026-09-22T17:41:06.336+00:00,2026-09-22T17:43:31.085+00:00,True,1163,1163.0,,1163.0,283.873132,145033.00900400002,145033.009034,124.70594069991401,77.21696700000001,34489.853886,1011.1236404985291,91.8620603,124.56896374526679,1011.5481997237966,8.018864174347542,0,5,,False,True,,6386,100.0
13,2026-09-22T17:41:09.785+00:00,2026-09-22T17:41:10.092+00:00,2026-09-22T17:43:40.955+00:00,True,1183,1183.0,,1183.0,306.759146,151169.72720999998,151169.727097,127.78506094420963,76.979587,37585.388024,1093.5312884839598,92.5226851,127.63364472419627,1093.9817528391015,7.825640899362182,0,5,,False,True,,1184,100.0
14,2026-09-22T17:41:13.601+00:00,2026-09-22T17:41:56.328+00:00,2026-09-22T17:43:40.956+00:00,True,1128,1128.0,,1128.0,42727.205687,147354.906679,147354.906777,130.6337826037234,76.897877,42727.205687,1269.9292800795033,91.50843834999999,92.83735669210293,35.983122760304596,7.6549877124706205,0,5,,False,True,,3193,100.0
15,2026-09-22T17:41:17.713+00:00,2026-09-22T17:41:56.934+00:00,2026-09-22T17:43:34.195+00:00,True,1038,1038.0,,1038.0,39221.467095,136482.246103,136482.246167,131.48578628805396,78.28581,39221.467095,1215.3099096511146,92.28991345,93.79052941947927,45.30274907690075,7.6053848001347015,0,5,,False,True,,5107,100.0
16,2026-09-22T17:41:21.544+00:00,2026-09-22T17:42:02.232+00:00,2026-09-22T17:44:05.192+00:00,True,1335,1335.0,,1335.0,40687.675898,163647.491322,163647.491219,122.58239042621723,17.007756,40687.675898,1111.6402450325252,91.5662706,92.17377468065966,35.94404864874516,8.157778583804841,0,5,,False,True,,5379,100.0
17,2026-09-22T17:41:27.253+00:00,2026-09-22T17:42:03.405+00:00,2026-09-22T17:44:13.525+00:00,True,1442,1442.0,,1442.0,36151.701578,166272.15393,166272.15403,115.30662554091539,20.083039,36151.701578,950.2924380709331,90.993971,90.2987178015267,35.1616620667627,8.672528537803611,0,5,,False,True,,6494,100.0
18,2026-09-22T17:41:32.162+00:00,2026-09-22T17:42:04.340+00:00,2026-09-22T17:44:07.008+00:00,True,1321,1321.0,,1321.0,32177.325048,154846.006008,154846.00599499998,117.21877819454959,0.09042,32177.325048,884.4131722992366,91.66642,92.9308189090909,54.077847312294786,8.531056331745177,0,5,,False,True,,7214,100.0
19,2026-09-22T17:41:35.655+00:00,2026-09-22T17:42:05.080+00:00,2026-09-22T17:44:08.127+00:00,True,1291,1291.0,,1291.0,29424.952587,152472.285451,152472.285417,118.10401658946553,2.8615720000000002,29424.952587,825.7149182926777,91.418229,95.38552935193798,124.4738554133032,8.467112539051488,0,5,,False,True,,5672,100.0
21,2026-09-22T17:41:44.881+00:00,2026-09-22T17:42:12.646+00:00,2026-09-22T17:44:24.633+00:00,True,1398,1398.0,,1398.0,27764.556934999997,159751.401095,159751.401053,114.27138844992847,1.484882,27764.556934999997,779.2212993982417,91.07542235,94.47877176807444,244.0598725616873,8.751096957006629,0,5,,True,True,,5097,100.0
20,2026-09-22T17:41:40.675+00:00,2026-09-22T17:42:12.648+00:00,2026-09-22T17:44:22.656+00:00,True,1430,1430.0,,1430.0,31973.544958000002,161981.62508600001,161981.625123,113.27386372237763,0.03674,31973.544958000002,849.8191525793596,90.983868,90.97836258082575,106.59617797577843,8.828161831570576,0,5,,True,True,,5446,100.0
22,2026-09-22T17:41:49.776+00:00,2026-09-22T17:42:13.400+00:00,2026-09-22T17:44:31.274+00:00,True,1121,1121.0,,1121.0,23623.978492,161497.928956,161497.929073,144.0659492176628,0.996691,23623.978492,951.1701207621617,91.30228100000001,123.10174148571429,642.19589551686,6.941265484001444,0,5,,True,True,,4911,100.0
23,2026-09-22T17:41:53.101+00:00,2026-09-22T17:42:14.586+00:00,2026-09-22T17:44:55.226+00:00,True,1262,1262.0,,1262.0,21484.95992,182124.681648,182124.681615,144.31432774564183,0.44522,52742.528308,1687.6447508954036,89.3885766,127.39073888025376,1577.5524299997276,6.929318907138134,0,5,,True,True,,3602,100.0
24,2026-09-22T17:41:56.601+00:00,2026-09-22T17:42:15.207+00:00,2026-09-22T17:45:08.725+00:00,True,1500,1500.0,,1500.0,18606.194964000002,192124.606996,192124.607068,128.08307137866666,1.297901,54061.785619,1559.8792271083998,88.07379334999997,115.75611209606404,1485.5182513368857,7.807433016798467,0,5,,True,True,,5507,100.0
25,2026-09-22T17:42:00.264+00:00,2026-09-22T17:42:35.776+00:00,2026-09-22T17:45:00.835+00:00,True,1180,1180.0,,1180.0,35512.061888,180570.85689599998,180570.856814,153.0261498423729,1.608101,56280.473365000005,1946.08741852023,84.334349,123.03544954028837,1651.735017760961,6.5348308153603245,0,5,,True,True,,4482,100.0
26,2026-09-22T17:42:04.181+00:00,2026-09-22T17:43:44.072+00:00,2026-09-22T17:45:01.891+00:00,True,1148,1148.0,,1148.0,99890.404975,177709.985391,177709.985381,154.7996388336237,18.331367999999998,99890.404975,2953.6909447533385,82.98865515,67.84619042371405,210.74439890014642,6.459963391894689,0,5,,True,True,,5552,100.0
0,2026-09-22T17:40:06.794+00:00,2026-09-22T17:40:07.063+00:00,2026-09-22T17:41:04.999+00:00,True,1072,1072.0,,1072.0,268.72893300000004,58204.694117,58204.694146,54.29542364365672,34.179187,268.72893300000004,18.009409882224848,77.74488755,54.09520558730159,16.78178233521695,18.417758503208045,1,5,,False,True,,5599,100.0
1,2026-09-22T17:40:10.189+00:00,2026-09-22T17:40:10.287+00:00,2026-09-22T17:41:35.199+00:00,True,1335,1335.0,,1335.0,98.177128,85010.440808,85010.440983,63.67823294606742,35.323748,357.501124,23.198071050800838,84.441485,63.65237157421289,23.187513046327304,15.703953388680327,1,5,,False,True,,7314,100.0
2,2026-09-22T17:40:14.269+00:00,2026-09-22T17:40:14.379+00:00,2026-09-22T17:41:55.937+00:00,True,1460,1460.0,,1460.0,109.895778,101667.993442,101667.993545,69.6356120171233,0.05038,356.74591399999997,27.863446622738554,85.014076,69.60801759013023,27.853040345907896,14.360468330014864,1,5,,False,True,,5170,100.0
3,2026-09-22T17:40:18.792+00:00,2026-09-22T17:40:18.964+00:00,2026-09-22T17:41:49.187+00:00,True,1281,1281.0,,1281.0,172.763398,90395.33645399999,90395.33649,70.56622676814989,40.985703,355.939664,25.91410476400835,84.946309,70.4863852,25.76612810514694,14.171085038793677,1,5,,False,True,,6486,100.0
4,2026-09-22T17:40:23.753+00:00,2026-09-22T17:40:23.932+00:00,2026-09-22T17:42:11.777+00:00,True,1402,1402.0,,1402.0,179.457033,108023.819017,108023.819054,77.04979961055635,0.040229999999999995,356.261914,32.2177131948089,87.33559245000001,76.97670377159173,32.11271214095546,12.978619093066534,1,5,,False,True,,7838,100.0
5,2026-09-22T17:40:28.673+00:00,2026-09-22T17:40:28.815+00:00,2026-09-22T17:41:47.518+00:00,True,1050,1050.0,,1050.0,142.63486300000002,78845.296495,78845.296545,75.09075861428572,0.03464,356.72383399999995,24.95210221632435,85.57087849999999,75.02636952526214,24.876578534456666,13.317217978457169,1,5,,False,True,,4566,100.0
6,2026-09-22T17:40:34.725+00:00,2026-09-22T17:40:34.950+00:00,2026-09-22T17:42:01.886+00:00,True,1086,1086.0,,1086.0,224.93841899999998,87160.266163,87160.266141,80.25807195303868,50.477539,359.389455,30.345935115767563,86.142024,80.12472603133641,30.039928661062714,12.459805916253764,1,5,,False,True,,6211,100.0
7,2026-09-22T17:40:40.449+00:00,2026-09-22T17:40:40.653+00:00,2026-09-22T17:42:03.994+00:00,True,1007,1007.0,,1007.0,203.83949600000003,83544.952328,83544.952186,82.96420276663356,56.408692,359.829496,31.39693366501476,86.3888342,82.84404854075547,31.180045476163556,12.053391281456332,1,5,,False,True,,4104,100.0
8,2026-09-22T17:40:44.754+00:00,2026-09-22T17:40:44.925+00:00,2026-09-22T17:42:40.093+00:00,True,1313,1313.0,,1313.0,170.206567,115338.576743,115338.576806,87.84354669154608,60.838735,359.944086,35.409670225768906,92.229136,87.78076995121951,35.35000151145718,11.383875517431223,1,5,,False,True,,4637,100.0
9,2026-09-22T17:40:50.698+00:00,2026-09-22T17:40:50.845+00:00,2026-09-22T17:42:38.523+00:00,True,1209,1209.0,,1209.0,147.24059400000002,107825.747858,107825.747925,89.18589571960298,65.205297,358.016454,35.853095593982374,91.48559999999999,89.13783713907286,35.82896890241597,11.212535261913324,1,5,,False,True,,6305,100.0
10,2026-09-22T17:40:54.339+00:00,2026-09-22T17:40:54.585+00:00,2026-09-22T17:42:34.423+00:00,True,1115,1115.0,,1115.0,245.78358,100083.722012,100083.722066,89.76118570941703,69.646409,357.320925,36.45544695722381,91.78893529999999,89.62112965170556,36.17046360980051,11.14067280457767,1,5,,False,True,,5128,100.0
11,2026-09-22T17:40:58.227+00:00,2026-09-22T17:40:58.443+00:00,2026-09-22T17:43:17.188+00:00,True,1456,1456.0,,1456.0,216.199253,138961.003605,138961.003618,95.44024973763736,71.991971,2439.020083,96.37323283205855,91.43093625000002,95.35725385017182,96.35429547692347,10.477759675215898,1,5,,False,True,,5882,100.0
12,2026-09-22T17:41:01.907+00:00,2026-09-22T17:41:02.083+00:00,2026-09-22T17:43:42.328+00:00,True,1454,1454.0,,1454.0,175.7498,160420.798376,160420.798326,110.33067285144429,74.90195299999999,9818.712545,378.6770413099921,92.32209979999999,110.28564939848589,378.8035256626149,9.063662659202475,1,5,,False,True,,5731,100.0
13,2026-09-22T17:41:08.088+00:00,2026-09-22T17:41:08.287+00:00,2026-09-22T17:43:20.493+00:00,True,1003,1003.0,,1003.0,199.05718299999998,132405.455391,132405.455461,132.00942717946162,78.14967999999999,34578.977288,1092.351238405305,96.1126166,131.9425131816367,1092.8946756041487,7.575216572746873,1,5,,False,True,,4419,100.0
14,2026-09-22T17:41:13.494+00:00,2026-09-22T17:41:56.331+00:00,2026-09-22T17:43:36.409+00:00,True,1076,1076.0,,1076.0,42836.54487,142914.42647,142914.426288,132.82009878066916,78.28584,42836.54487,1303.5719526191178,91.72592474999999,93.09570381395349,36.65271601216885,7.528980989374571,1,5,,False,True,,1806,100.0
15,2026-09-22T17:41:19.167+00:00,2026-09-22T17:41:58.075+00:00,2026-09-22T17:43:42.247+00:00,True,1109,1109.0,,1109.0,38907.503017999996,143079.760298,143079.760344,129.01691645085663,78.867239,38907.503017999996,1166.6283511697932,91.976142,94.0182827436823,51.04044382623347,7.750921567734147,1,5,,False,True,,4385,100.0
16,2026-09-22T17:41:22.660+00:00,2026-09-22T17:42:02.232+00:00,2026-09-22T17:43:40.534+00:00,True,1064,1064.0,,1064.0,39571.87412,137874.292296,137874.292205,129.58110169642856,79.21727899999999,39571.87412,1210.8151009963744,91.571987,92.47640468109125,34.68784706666448,7.717174697917697,1,5,,False,True,,5461,100.0
17,2026-09-22T17:41:28.230+00:00,2026-09-22T17:42:04.341+00:00,2026-09-22T17:43:58.425+00:00,True,1226,1226.0,,1226.0,36110.707915,150194.507723,150194.507724,122.5077550766721,78.016248,36110.707915,1029.4138779800041,91.65616150000001,93.12963249632654,39.564888859608544,8.16274854910861,1,5,,False,True,,5948,100.0
18,2026-09-22T17:41:33.920+00:00,2026-09-22T17:42:05.082+00:00,2026-09-22T17:43:55.835+00:00,True,1153,1153.0,,1153.0,31161.040269,141914.531981,141914.531898,123.08285507198612,77.453469,31161.040269,919.2594732613993,92.4944264,96.14018377777778,89.85318038922769,8.124608409760091,1,5,,False,True,,4926,100.0
19,2026-09-22T17:41:38.617+00:00,2026-09-22T17:42:12.177+00:00,2026-09-22T17:44:02.910+00:00,True,1195,1195.0,,1195.0,33560.287639,144293.08405499998,144293.083997,120.7473506251046,1.088311,33560.287639,969.1952232972843,91.62735970000001,92.74103552428811,45.1489828558895,8.281755205568297,1,5,,True,True,,1422,100.0
21,2026-09-22T17:41:46.637+00:00,2026-09-22T17:42:12.646+00:00,2026-09-22T17:44:07.833+00:00,True,1083,1083.0,,1083.0,26008.287567000003,141195.266383,141195.266447,130.37420724561403,18.597388,26008.287567000003,859.706992737892,91.9477492,106.45746655822552,346.0049210475836,7.670228809670589,1,5,,True,True,,4721,100.0
20,2026-09-22T17:41:42.865+00:00,2026-09-22T17:42:12.649+00:00,2026-09-22T17:44:22.049+00:00,True,1381,1381.0,,1381.0,29784.106963,159184.183763,159184.183639,115.26733065821868,0.030199999999999998,29784.106963,833.165220517746,91.27658,93.76817159420291,236.4052949788292,8.675485009591718,1,5,,True,True,,4074,100.0
22,2026-09-22T17:41:52.698+00:00,2026-09-22T17:42:14.581+00:00,2026-09-22T17:45:01.135+00:00,True,1418,1418.0,,1418.0,21882.363344999998,188436.261585,188436.261624,132.88875996050774,0.987201,39974.298858999995,1307.9725401726264,89.75427619999999,117.53980115737474,1173.7534047677455,7.52509091441706,1,5,,True,True,,9035,100.0
23,2026-09-22T17:41:56.962+00:00,2026-09-22T17:42:15.203+00:00,2026-09-22T17:44:59.083+00:00,True,1239,1239.0,,1239.0,18241.026577,182121.35528100003,182121.35538,146.99060159806294,1.570972,54761.768185999994,1738.6057217224147,88.1689479,132.37506357350566,1661.418620268943,6.8031560499223875,1,5,,True,True,,3945,100.0
24,2026-09-22T17:42:02.002+00:00,2026-09-22T17:43:44.071+00:00,2026-09-22T17:44:58.073+00:00,True,1074,1074.0,,1074.0,102069.334921,176070.662537,176070.662591,163.9391644236499,0.023809999999999998,102069.334921,3118.4832123488154,83.36579899999998,68.96675453494873,194.29863055458267,6.099823698762458,1,5,,True,True,,4282,100.0
25,2026-09-22T17:42:06.155+00:00,2026-09-22T17:43:45.050+00:00,2026-09-22T17:45:06.078+00:00,True,1183,1183.0,,1183.0,98895.057466,179923.20261799998,179923.202571,152.0906192485207,19.579449,98895.057466,2885.650476458676,81.120018,68.55173024703892,266.800293272378,6.575027471646671,1,5,,True,True,,6509,100.0
0,2026-09-22T17:40:06.796+00:00,2026-09-22T17:40:07.063+00:00,2026-09-22T17:41:00.963+00:00,True,1022,1022.0,,1022.0,266.908992,54166.925376,54166.92537,53.00090545009785,34.308057,266.908992,17.16994535710359,75.79796445,52.7913970460333,15.817478283229585,18.8676021927732,2,5,,False,True,,4128,100.0
1,2026-09-22T17:40:12.898+00:00,2026-09-22T17:40:13.017+00:00,2026-09-22T17:41:43.547+00:00,True,1360,1360.0,,1360.0,119.201775,90648.770031,90648.769968,66.65350732941177,35.165127999999996,358.117074,24.745618725654897,84.8175353,66.61484051214128,24.713592609416043,15.002961425013359,2,5,,False,True,,5397,100.0
2,2026-09-22T17:40:17.191+00:00,2026-09-22T17:40:17.291+00:00,2026-09-22T17:41:27.552+00:00,True,1075,1075.0,,1075.0,100.38425,70361.675258,70361.675078,65.4527210027907,40.688153,276.02982799999995,19.92193212199629,84.965183,65.42019646927375,19.902632793648323,15.278203596748137,2,5,,False,True,,3448,100.0
3,2026-09-22T17:40:22.346+00:00,2026-09-22T17:40:22.545+00:00,2026-09-22T17:41:57.680+00:00,True,1287,1287.0,,1287.0,199.617029,95333.786373,95333.786271,74.07442600699301,42.762464,355.99401400000005,28.764229809978808,85.28318300000001,73.976803533437,28.56133941254978,13.49993584608634,2,5,,False,True,,5785,100.0
4,2026-09-22T17:40:26.483+00:00,2026-09-22T17:40:26.680+00:00,2026-09-22T17:41:49.917+00:00,True,1116,1116.0,,1116.0,197.13115599999998,83433.770644,83433.770711,74.76144328942652,47.274757,358.10395400000004,25.9795875151897,85.4085315,74.65169460807175,25.731123704724848,13.375878752523517,2,5,,False,True,,4582,100.0
5,2026-09-22T17:40:31.378+00:00,2026-09-22T17:40:31.541+00:00,2026-09-22T17:42:13.086+00:00,True,1260,1260.0,,1260.0,162.344483,101708.02230699999,101708.022182,80.72065252539683,50.449699,357.006804,33.097342017795576,88.29148185,80.65582035266084,33.03035598328173,12.388403308017928,2,5,,False,True,,4760,100.0
6,2026-09-22T17:40:36.439+00:00,2026-09-22T17:40:36.605+00:00,2026-09-22T17:42:30.852+00:00,True,1359,1359.0,,1359.0,165.879215,114412.71595099999,114412.716023,84.18890067917586,54.049101,359.687955,33.48001408094086,90.85844510000001,84.12874575552283,33.41880171351836,11.878050343477769,2,5,,False,True,,6958,100.0
7,2026-09-22T17:40:40.553+00:00,2026-09-22T17:40:40.811+00:00,2026-09-22T17:42:09.181+00:00,True,1058,1058.0,,1058.0,258.482628,88628.050628,88628.050642,83.76942404725898,57.497903,357.164194,33.267478913029,87.5534965,83.60413245033112,32.845695859202046,11.937529850913242,2,5,,False,True,,4841,100.0
8,2026-09-22T17:40:45.096+00:00,2026-09-22T17:40:45.265+00:00,2026-09-22T17:42:41.812+00:00,True,1325,1325.0,,1325.0,168.50001699999999,116716.378417,116716.378553,88.08783287018868,60.603294999999996,359.429635,35.647334477976976,91.902292,88.02709848942598,35.592159086797146,11.352305631572019,2,5,,False,True,,4745,100.0
9,2026-09-22T17:40:51.262+00:00,2026-09-22T17:40:51.478+00:00,2026-09-22T17:43:02.218+00:00,True,1454,1454.0,,1454.0,215.831683,130955.728771,130955.728806,90.0658382434663,67.021539,358.34054499999996,36.134304778570176,91.657922,89.9792822353751,35.99564483542024,11.102988877581556,2,5,,False,True,,7275,100.0
10,2026-09-22T17:40:55.460+00:00,2026-09-22T17:40:55.738+00:00,2026-09-22T17:42:31.869+00:00,True,1031,1031.0,,1031.0,277.743978,96408.69105,96408.691013,93.50988459068866,70.82167999999999,1872.31621,83.72049325860928,92.1773205,93.33101657475727,83.56383434267396,10.694056612233199,2,5,,False,True,,4185,100.0
11,2026-09-22T17:40:59.352+00:00,2026-09-22T17:40:59.599+00:00,2026-09-22T17:43:09.903+00:00,True,1238,1238.0,,1238.0,246.991581,130550.54972499999,130550.549794,105.45278658642972,73.175202,7305.890343,265.1446751673068,92.01920565,105.33836551657235,265.2213314682645,9.48291679052905,2,5,,False,True,,6202,100.0
12,2026-09-22T17:41:04.353+00:00,2026-09-22T17:41:04.601+00:00,2026-09-22T17:43:31.645+00:00,True,1218,1218.0,,1218.0,247.567252,147291.834516,147291.83450599998,120.9292565730706,77.605704,33165.040295,948.9471403579745,92.11498885,120.8251990665571,949.3303029578689,8.269297507240235,2,5,,False,True,,5866,100.0
13,2026-09-22T17:41:09.936+00:00,2026-09-22T17:41:10.236+00:00,2026-09-22T17:43:52.635+00:00,True,1295,1295.0,,1295.0,300.338782,162698.678878,162698.678992,125.63604555366796,78.401518,38008.772656,1061.3554114596184,92.17142340000001,125.50103562287481,1061.7546304744715,7.959499173137471,2,5,,False,True,,6328,100.0
14,2026-09-22T17:41:13.788+00:00,2026-09-22T17:41:56.328+00:00,2026-09-22T17:44:08.128+00:00,True,1434,1434.0,,1434.0,42540.297549999996,174340.10452599998,174340.104608,121.57608410599721,0.03196,42540.297549999996,1121.5481084335981,91.1262285,91.97474317934403,36.65821546768575,8.225301940128999,2,5,,False,True,,6081,100.0
15,2026-09-22T17:41:18.508+00:00,2026-09-22T17:41:58.076+00:00,2026-09-22T17:43:53.015+00:00,True,1233,1233.0,,1233.0,39567.532705,154507.279265,154507.279271,125.31003996025953,75.44733500000001,39567.532705,1124.9267641386655,91.7941628,93.29524883116883,41.25698798218067,7.980206536969985,2,5,,False,True,,6440,100.0
16,2026-09-22T17:41:24.165+00:00,2026-09-22T17:42:02.234+00:00,2026-09-22T17:44:10.876+00:00,True,1406,1406.0,,1406.0,38068.987203000004,166711.300675,166711.300644,118.57133758463728,0.03137,38068.987203000004,1013.6768217197446,91.25747299999999,91.56036546049822,41.64990880401837,8.433741409893777,2,5,,False,True,,6436,100.0
17,2026-09-22T17:41:29.823+00:00,2026-09-22T17:42:04.338+00:00,2026-09-22T17:43:44.740+00:00,True,1073,1073.0,,1073.0,34515.283532,134916.898892,134916.898869,125.73802317707363,78.61628,34515.283532,1051.6825898067302,91.94619719999999,93.65822328358209,42.41574808402715,7.953043753688177,2,5,,False,True,,6342,100.0
18,2026-09-22T17:41:33.659+00:00,2026-09-22T17:42:05.079+00:00,2026-09-22T17:44:02.586+00:00,True,1252,1252.0,,1252.0,31420.807327,148927.32175899998,148927.321709,118.95153491134185,17.622897000000002,31420.807327,887.6791311889501,91.78925295,93.9300674916067,64.28922398436897,8.406785170192178,2,5,,False,True,,4540,100.0
19,2026-09-22T17:41:39.810+00:00,2026-09-22T17:42:12.179+00:00,2026-09-22T17:43:56.900+00:00,True,1096,1096.0,,1096.0,32368.651893,137089.901941,137089.901802,125.08202719160583,78.742751,32368.651893,977.4584067577061,92.23416475,95.63584479269406,71.50164304439413,7.994753694343515,2,5,,True,True,,4178,100.0
20,2026-09-22T17:41:45.745+00:00,2026-09-22T17:42:12.646+00:00,2026-09-22T17:44:32.188+00:00,True,1498,1498.0,,1498.0,26900.990534,166442.85651800002,166442.856506,111.11005107209613,20.97298,26900.990534,751.205801790895,90.7939133,93.21433933466933,290.89938383754003,9.000085863330508,2,5,,True,True,,6950,100.0
21,2026-09-22T17:41:50.750+00:00,2026-09-22T17:42:14.584+00:00,2026-09-22T17:44:49.011+00:00,True,1296,1296.0,,1296.0,23834.405344,178261.099744,178261.099744,137.54714486419752,20.063249,23834.405344,1091.8904754744128,90.033897,119.24841266409265,871.1219754028984,7.270234514771759,2,5,,True,True,,5816,100.0
22,2026-09-22T17:41:55.138+00:00,2026-09-22T17:42:15.207+00:00,2026-09-22T17:44:56.686+00:00,True,1246,1246.0,,1246.0,20069.354408,181547.68938400003,181547.689423,145.7044056364366,18.681698,53706.02908,1715.1258126567213,88.874095,129.70147387630522,1620.0838911461608,6.863210455763648,2,5,,True,True,,5053,100.0
23,2026-09-22T17:41:59.297+00:00,2026-09-22T17:42:35.776+00:00,2026-09-22T17:45:11.315+00:00,True,1454,1454.0,,1454.0,36479.5636,192018.05192,192018.051698,132.06193376753782,0.05081,55382.015630999995,1744.764451073952,84.50525694999999,107.0464475705437,1461.4365240502136,7.5722047248233535,2,5,,True,True,,6844,100.0
24,2026-09-22T17:42:05.014+00:00,2026-09-22T17:43:44.071+00:00,2026-09-22T17:45:10.219+00:00,True,1324,1324.0,,1324.0,99057.016399,185204.905551,185204.905758,139.88285933383685,0.053130000000000004,99057.016399,2729.283809701827,82.3261395,65.11556247316705,218.3330507831128,7.148838720340533,2,5,,True,True,,4679,100.0
0,2026-09-22T17:40:06.797+00:00,2026-09-22T17:40:07.063+00:00,2026-09-22T17:41:36.684+00:00,True,1440,1440.0,,1440.0,266.085731,89887.418979,89887.418927,62.421818699305554,34.111107000000004,358.328535,25.0862804431323,84.44573195000001,62.28028717720639,24.51314425232721,16.020039471112426,3,5,,False,True,,4846,100.0
1,2026-09-22T17:40:10.347+00:00,2026-09-22T17:40:10.435+00:00,2026-09-22T17:41:19.290+00:00,True,1147,1147.0,,1147.0,87.501469,68943.309213,68943.30901,60.107505675675675,35.874938,274.983227,19.43150038628906,84.70202399999998,60.08360187085515,19.42310178078073,16.636857341099617,3,5,,False,True,,3370,100.0
2,2026-09-22T17:40:16.033+00:00,2026-09-22T17:40:16.202+00:00,2026-09-22T17:41:54.771+00:00,True,1405,1405.0,,1405.0,168.25640299999998,98737.54101100001,98737.540869,70.2758298,0.9272509999999999,357.245495,26.99452297830721,84.8223822,70.20604316809116,26.87705770639055,14.22964341236201,3,5,,False,True,,6317,100.0
3,2026-09-22T17:40:19.391+00:00,2026-09-22T17:40:19.506+00:00,2026-09-22T17:42:04.681+00:00,True,1428,1428.0,,1428.0,115.09136199999999,105289.80829,105289.80837,73.732358802521,0.24487,356.903364,30.960243968082,85.651008,73.70337556271899,30.951708493486933,13.562566246363142,3,5,,False,True,,4992,100.0
4,2026-09-22T17:40:23.008+00:00,2026-09-22T17:40:23.116+00:00,2026-09-22T17:41:34.949+00:00,True,1026,1026.0,,1026.0,107.931375,71940.796911,71940.797066,70.11773593177388,43.465604,358.503305,21.827137826642126,85.33321375,70.08084442536585,21.80576462298448,14.261726920669142,3,5,,False,True,,3922,100.0
5,2026-09-22T17:40:26.991+00:00,2026-09-22T17:40:27.196+00:00,2026-09-22T17:42:10.504+00:00,True,1322,1322.0,,1322.0,204.629163,103512.521643,103512.521606,78.29994070045386,47.992667999999995,357.928304,32.09267390952992,87.10105750000001,78.20430922028767,31.91583597837972,12.77140174943656,3,5,,False,True,,5167,100.0
6,2026-09-22T17:40:31.836+00:00,2026-09-22T17:40:32.016+00:00,2026-09-22T17:42:00.856+00:00,True,1129,1129.0,,1129.0,179.71559299999998,89019.470601,89019.470484,78.84806951638619,50.062569,358.120405,29.948717324712526,85.45725700000001,78.75864805673758,29.810835106456913,12.682618671822537,3,5,,False,True,,5353,100.0
7,2026-09-22T17:40:36.592+00:00,2026-09-22T17:40:36.716+00:00,2026-09-22T17:42:31.269+00:00,True,1360,1360.0,,1360.0,123.5035,114676.61914800001,114676.619108,84.3210434617647,53.7205,359.268876,33.65147661203929,90.69823600000001,84.29221166151582,33.64705625264028,11.85943577779184,3,5,,False,True,,4967,100.0
8,2026-09-22T17:40:40.953+00:00,2026-09-22T17:40:41.165+00:00,2026-09-22T17:42:18.997+00:00,True,1152,1152.0,,1152.0,212.035482,98044.001434,98044.001267,85.10763998871528,57.709743,356.570174,34.37447784777585,90.27030505,84.99736398957428,34.18495324841143,11.749826436607531,3,5,,False,True,,5829,100.0
9,2026-09-22T17:40:45.785+00:00,2026-09-22T17:40:45.960+00:00,2026-09-22T17:42:27.597+00:00,True,1171,1171.0,,1171.0,174.82188,101811.536888,101811.536981,86.94409648249359,61.686305999999995,358.94939500000004,34.2465907693671,91.0163295,86.86898718632479,34.164607350648964,11.501643485533315,3,5,,False,True,,5310,100.0
10,2026-09-22T17:40:50.503+00:00,2026-09-22T17:40:50.710+00:00,2026-09-22T17:42:35.075+00:00,True,1176,1176.0,,1176.0,206.836908,104571.83607599999,104571.836155,88.9216293835034,62.491686,358.70106400000003,35.89899721046313,91.48987675000001,88.82127588765958,35.74888441611763,11.245857815342506,3,5,,False,True,,4225,100.0
11,2026-09-22T17:40:54.563+00:00,2026-09-22T17:40:54.813+00:00,2026-09-22T17:42:28.518+00:00,True,1049,1049.0,,1049.0,250.383373,93955.242253,93955.242299,89.5664845557674,70.13666,581.913872,38.64822305051845,90.49699500000001,89.41303328244275,38.34562492428883,11.16489058881124,3,5,,False,True,,4335,100.0
12,2026-09-22T17:40:58.848+00:00,2026-09-22T17:40:59.072+00:00,2026-09-22T17:43:15.044+00:00,True,1375,1375.0,,1375.0,223.298078,136195.41737399998,136195.417583,99.05121278763636,71.774571,6285.673451000001,193.86085416991358,91.723139,98.96078551382823,193.90242676046395,10.095787556670688,3,5,,False,True,,6309,100.0
13,2026-09-22T17:41:03.918+00:00,2026-09-22T17:41:04.141+00:00,2026-09-22T17:43:43.432+00:00,True,1372,1372.0,,1372.0,223.71613699999997,159514.61738500002,159514.617165,116.26429822521865,76.066723,30878.20475,832.8460508146218,92.12182305,116.1859235944566,833.1448903487428,8.60109263020441,3,5,,False,True,,4194,100.0
14,2026-09-22T17:41:08.176+00:00,2026-09-22T17:41:08.374+00:00,2026-09-22T17:43:30.576+00:00,True,1113,1113.0,,1113.0,198.901313,142400.736321,142400.736466,127.94315944833782,75.245785,34661.036795,1040.0554140600618,92.2878696,127.87934802877697,1040.5212005625951,7.81597082118363,3,5,,False,True,,5335,100.0
15,2026-09-22T17:41:12.012+00:00,2026-09-22T17:41:55.194+00:00,2026-09-22T17:44:03.467+00:00,True,1375,1375.0,,1375.0,43182.116558,171455.089102,171455.089009,124.69461018836364,18.652697,43182.116558,1162.8959242074327,91.7787464,93.35733081804949,45.20984193987596,8.019592811164687,3,5,,False,True,,6481,100.0
16,2026-09-22T17:41:16.521+00:00,2026-09-22T17:41:56.934+00:00,2026-09-22T17:44:12.002+00:00,True,1484,1484.0,,1484.0,40413.681646,175481.117166,175481.11730399998,118.24873133692722,0.05886,40413.681646,1047.3743752309738,90.79753629999999,91.07716488199596,36.955097541726055,8.456750355630454,3,5,,False,True,,3413,100.0
17,2026-09-22T17:41:20.540+00:00,2026-09-22T17:41:59.613+00:00,2026-09-22T17:44:04.726+00:00,True,1336,1336.0,,1336.0,39072.139562,164185.36273,164185.362816,122.89323564071856,0.061439999999999995,39072.139562,1067.8110890830042,91.48503949999998,93.71777016329588,54.85598953311038,8.137144370153319,3,5,,False,True,,5565,100.0
18,2026-09-22T17:41:25.583+00:00,2026-09-22T17:42:02.230+00:00,2026-09-22T17:44:05.498+00:00,True,1331,1331.0,,1331.0,36647.04967,159914.683846,159914.683889,120.14626888730278,18.668297,36647.04967,1002.85298650233,91.5652505,92.6824317112782,42.3352235320657,8.323188140007023,3,5,,False,True,,4050,100.0
19,2026-09-22T17:41:29.565+00:00,2026-09-22T17:42:04.340+00:00,2026-09-22T17:44:13.028+00:00,True,1421,1421.0,,1421.0,34774.315251,163462.656499,163462.656494,115.03353729345531,18.588988,34774.315251,920.8847385290574,91.370002,90.62559242816901,38.368653685102075,8.693117011766496,3,5,,False,True,,6545,100.0
21,2026-09-22T17:41:38.334+00:00,2026-09-22T17:42:05.081+00:00,2026-09-22T17:43:58.090+00:00,True,1156,1156.0,,1156.0,26746.96591,139755.871638,139755.871501,120.8960826133218,78.34053999999999,26746.96591,802.206986698335,92.081245,97.84320842251081,170.94582405736878,8.271566600037437,3,5,,False,True,,3893,100.0
20,2026-09-22T17:41:34.878+00:00,2026-09-22T17:42:05.082+00:00,2026-09-22T17:44:08.551+00:00,True,1308,1308.0,,1308.0,30203.774832,153672.891504,153672.891427,117.48692005122324,0.03134,30203.774832,836.9591723153418,91.2565315,94.46757205202753,86.07961886694447,8.511585792383906,3,5,,False,True,,5898,100.0
22,2026-09-22T17:41:42.549+00:00,2026-09-22T17:42:12.646+00:00,2026-09-22T17:44:24.808+00:00,True,1458,1458.0,,1458.0,30097.632276,162258.980116,162258.979957,111.28873796776406,0.02501,30097.632276,794.0857722828505,90.98671395000001,90.70785713109129,114.07105034129533,8.985635179992295,3,5,,True,True,,7281,100.0
23,2026-09-22T17:41:47.665+00:00,2026-09-22T17:42:13.404+00:00,2026-09-22T17:44:40.686+00:00,True,1497,1497.0,,1497.0,25739.895653,173021.729637,173021.729694,115.578977751503,18.336427,25739.895653,763.0428507086375,90.5239462,98.45042378609627,378.32418573783616,8.652092446080093,3,5,,True,True,,6704,100.0
24,2026-09-22T17:41:52.229+00:00,2026-09-22T17:42:14.583+00:00,2026-09-22T17:44:43.983+00:00,True,1104,1104.0,,1104.0,22354.025247,171754.301471,171754.301389,155.57454835960144,0.09673000000000001,39441.920453,1473.2985187505121,90.44378434999999,135.44902649501358,1313.397119557879,6.427786614627557,3,5,,True,True,,4000,100.0
25,2026-09-22T17:41:57.722+00:00,2026-09-22T17:42:15.204+00:00,2026-09-22T17:44:48.850+00:00,True,1033,1033.0,,1033.0,17482.006936,171127.46152799999,171127.461715,165.66065993707647,1.2926710000000001,54850.565565,1899.985072287595,88.6666862,148.8812544496124,1822.7240638252954,6.036436179069832,3,5,,True,True,,4029,100.0
26,2026-09-22T17:42:01.771+00:00,2026-09-22T17:43:44.069+00:00,2026-09-22T17:45:06.627+00:00,True,1267,1267.0,,1267.0,102297.79435,184855.452206,184855.452319,145.9001202202052,0.030510000000000002,102297.79435,2876.8160167325946,83.375516,65.21142010742496,164.5526237692947,6.854003952169478,3,5,,True,True,,5369,100.0
27,2026-09-22T17:42:05.046+00:00,2026-09-22T17:43:45.051+00:00,2026-09-22T17:45:06.190+00:00,True,1208,1208.0,,1208.0,100005.26278300001,181144.89951900003,181144.899734,149.95438719701988,0.04331,100005.26278300001,2885.5018290157136,81.93880365000001,67.22422264788732,241.40988471483362,6.668694526909904,3,5,,True,True,,4310,100.0
0,2026-09-22T17:40:06.797+00:00,2026-09-22T17:40:07.063+00:00,2026-09-22T17:41:29.667+00:00,True,1360,1360.0,,1360.0,265.895651,82869.63913899999,82869.639145,60.93355819485294,0.904891,357.850165,23.649162087995546,84.91142955,60.78273987343635,22.994285192690374,16.411317994504923,4,5,,False,True,,5156,100.0
1,2026-09-22T17:40:11.256+00:00,2026-09-22T17:40:11.386+00:00,2026-09-22T17:41:42.719+00:00,True,1393,1393.0,,1393.0,130.25150299999999,91463.04587100001,91463.045961,65.65904232663317,36.570319000000005,358.984665,24.361755638423887,84.64834839999999,65.61263963218391,24.308851139374212,15.230194738590873,4,5,,False,True,,5746,100.0
2,2026-09-22T17:40:14.533+00:00,2026-09-22T17:40:14.655+00:00,2026-09-22T17:41:25.101+00:00,True,1109,1109.0,,1109.0,122.587897,70568.25112900001,70568.251007,63.632327328223624,1.418681,273.08379599999995,19.630199149565062,84.996167,63.57911844043321,19.558892402956555,15.715282471330177,4,5,,False,True,,4767,100.0
3,2026-09-22T17:40:17.312+00:00,2026-09-22T17:40:17.475+00:00,2026-09-22T17:41:53.219+00:00,True,1360,1360.0,,1360.0,162.96674,95907.112404,95907.112494,70.51993565735295,40.974563,358.57421500000004,26.53800971410842,85.1735453,70.45190998086828,26.428895996072253,14.180387313415542,4,5,,False,True,,5993,100.0
4,2026-09-22T17:40:21.577+00:00,2026-09-22T17:40:21.708+00:00,2026-09-22T17:41:56.576+00:00,True,1294,1294.0,,1294.0,131.158664,94999.48455200001,94999.484531,73.4153667163833,41.959383,359.81946500000004,28.22986137230255,85.53711865,73.37070834338746,28.19501828860545,13.621126536657167,4,5,,False,True,,3457,100.0
5,2026-09-22T17:40:25.698+00:00,2026-09-22T17:40:25.835+00:00,2026-09-22T17:42:14.848+00:00,True,1387,1387.0,,1387.0,136.547798,109149.805782,109149.805693,78.69488514275415,45.221606,357.334624,33.432772016855004,88.460115,78.6531442886003,33.408665722387674,12.707306165713137,4,5,,False,True,,7657,100.0
6,2026-09-22T17:40:29.895+00:00,2026-09-22T17:40:30.011+00:00,2026-09-22T17:41:59.233+00:00,True,1149,1149.0,,1149.0,116.018222,89338.409262,89338.409472,77.75318491906005,0.894891,358.107315,29.35882191429712,86.04832900000001,77.71985282229964,29.349855785637228,12.861209523334617,4,5,,False,True,,3374,100.0
7,2026-09-22T17:40:34.584+00:00,2026-09-22T17:40:34.728+00:00,2026-09-22T17:42:12.352+00:00,True,1194,1194.0,,1194.0,144.520403,97768.720595,97768.720472,81.88335047906197,51.422239999999995,356.77769300000006,33.137383846964596,87.65936785,81.83084676613579,33.10156341567551,12.212494883164734,4,5,,False,True,,3121,100.0
8,2026-09-22T17:40:38.874+00:00,2026-09-22T17:40:39.046+00:00,2026-09-22T17:42:14.196+00:00,True,1136,1136.0,,1136.0,171.435268,95321.344772,95321.344745,83.90963445862675,55.539821,359.41341600000004,33.78795875469739,89.65333725,83.83251938678414,33.70269388503123,11.917582601433171,4,5,,False,True,,4170,100.0
9,2026-09-22T17:40:41.684+00:00,2026-09-22T17:40:41.887+00:00,2026-09-22T17:42:45.233+00:00,True,1416,1416.0,,1416.0,203.339976,123549.12429600001,123549.124364,87.2522064717514,59.196584,358.917705,35.255032627168156,91.74836975,87.17016559717314,35.1320265010259,11.461028219087458,4,5,,False,True,,4762,100.0
10,2026-09-22T17:40:46.502+00:00,2026-09-22T17:40:46.721+00:00,2026-09-22T17:42:24.621+00:00,True,1126,1126.0,,1126.0,219.177356,98118.705036,98118.705002,87.13916962877443,61.573215,355.097602,34.83749679573126,91.27711649999999,87.02180238222222,34.62956354746045,11.47589544304389,4,5,,False,True,,4388,100.0
11,2026-09-22T17:40:49.683+00:00,2026-09-22T17:40:49.908+00:00,2026-09-22T17:42:52.403+00:00,True,1370,1370.0,,1370.0,224.977768,122719.606888,122719.606782,89.57635531532847,64.949847,356.436704,36.03041164648023,91.90658610000003,89.47745005113222,35.85705134115287,11.163660271910176,4,5,,False,True,,2458,100.0
12,2026-09-22T17:40:54.447+00:00,2026-09-22T17:40:54.812+00:00,2026-09-22T17:42:32.686+00:00,True,1095,1095.0,,1095.0,365.293808,98238.831344,98238.831272,89.7158276456621,69.63119,365.293808,37.04649192622243,91.1188013,89.46392827787935,36.11306144591175,11.146305234084789,4,5,,False,True,,4302,100.0
13,2026-09-22T17:40:59.274+00:00,2026-09-22T17:40:59.449+00:00,2026-09-22T17:42:57.624+00:00,True,1145,1145.0,,1145.0,174.45963,118349.683438,118349.683467,103.36216896681222,71.860761,6527.935667999999,230.25564738306326,102.00983000000002,103.30002081118882,230.34674657727058,9.674719583004483,4,5,,False,True,,4715,100.0
14,2026-09-22T17:41:02.657+00:00,2026-09-22T17:41:02.876+00:00,2026-09-22T17:43:22.775+00:00,True,1187,1187.0,,1187.0,218.346404,140117.70973200002,140117.709774,118.04356341533277,73.73339200000001,12419.525424000001,510.37841896340507,92.1924836,117.95899100168633,510.5854011701602,8.471448771681668,4,5,,False,True,,4072,100.0
15,2026-09-22T17:41:06.714+00:00,2026-09-22T17:41:06.900+00:00,2026-09-22T17:43:27.705+00:00,True,1114,1114.0,,1114.0,185.518486,140990.85813399998,140990.858041,126.5627091929982,77.221049,34489.313135,1033.3890832907196,91.96025435000001,126.50973912668464,1033.852123671155,7.901221502895148,4,5,,False,True,,6118,100.0
16,2026-09-22T17:41:10.991+00:00,2026-09-22T17:41:11.244+00:00,2026-09-22T17:43:53.692+00:00,True,1279,1279.0,,1279.0,253.166545,162700.518097,162700.518228,127.20916202345582,77.77927700000001,43025.642058,1201.1510241240035,92.5224042,127.11060371830986,1201.6160581419024,7.861069005554588,4,5,,False,True,,5588,100.0
17,2026-09-22T17:41:15.254+00:00,2026-09-22T17:41:56.934+00:00,2026-09-22T17:44:11.477+00:00,True,1478,1478.0,,1478.0,41680.01846,176223.19413999998,176223.194206,119.23084858322056,18.785897000000002,41680.01846,1082.3761905275899,91.73744849999999,91.09219748138118,35.81622885724351,8.387091195417826,4,5,,False,True,,6387,100.0
18,2026-09-22T17:41:19.333+00:00,2026-09-22T17:41:59.614+00:00,2026-09-22T17:43:43.722+00:00,True,1107,1107.0,,1107.0,40280.639693000005,144388.458445,144388.458419,130.43221176061428,79.297519,40280.639693000005,1208.6956885551795,92.34108830000001,94.13003503797468,45.70974076555998,7.666817777001719,4,5,,False,True,,5439,100.0
19,2026-09-22T17:41:24.301+00:00,2026-09-22T17:42:02.233+00:00,2026-09-22T17:44:13.279+00:00,True,1443,1443.0,,1443.0,37932.068843999994,168977.947884,168977.948055,117.1018351039501,20.416909,37932.068843999994,997.014654846237,90.8388292,90.87786341192788,41.14704772699804,8.539575832644097,4,5,,False,True,,7011,100.0
20,2026-09-22T17:41:27.364+00:00,2026-09-22T17:42:03.406+00:00,2026-09-22T17:44:16.562+00:00,True,1487,1487.0,,1487.0,36041.392835,169197.551299,169197.551309,113.78449987155346,21.34901,36041.392835,933.118161795529,90.61291010000001,89.60710529205922,38.600484586423356,8.788543265453207,4,5,,False,True,,8232,100.0
21,2026-09-22T17:41:31.754+00:00,2026-09-22T17:42:04.341+00:00,2026-09-22T17:43:42.326+00:00,True,1054,1054.0,,1054.0,32587.024342,130572.05371800001,130572.053595,123.88240379032258,79.033831,32587.024342,1001.7830925936022,91.36217835,93.05320928395061,42.52201270361948,8.072171417908095,4,5,,False,True,,5005,100.0
22,2026-09-22T17:41:35.267+00:00,2026-09-22T17:42:05.081+00:00,2026-09-22T17:44:08.412+00:00,True,1296,1296.0,,1296.0,29814.459699000003,153144.84894700002,153144.848875,118.16732166280865,1.452102,29814.459699000003,834.5056975843917,91.49821125,95.23582181312742,122.08557948352835,8.462576501339045,4,5,,False,True,,4752,100.0
23,2026-09-22T17:41:40.175+00:00,2026-09-22T17:42:12.177+00:00,2026-09-22T17:43:59.571+00:00,True,1125,1125.0,,1125.0,32001.564793,139395.695993,139395.696134,123.90728545244444,21.46613,32001.564793,953.9201912988674,92.09064280000001,95.54638007117438,71.3070124773846,8.070550471346646,4,5,,True,True,,1352,100.0
24,2026-09-22T17:41:43.725+00:00,2026-09-22T17:42:12.650+00:00,2026-09-22T17:44:10.130+00:00,True,1187,1187.0,,1187.0,28924.724826,146405.32693799998,146405.327012,123.34062932771694,0.02332,28924.724826,874.6882041983745,91.69498600000001,99.05615692411467,255.18269634402802,8.10762849156898,4,5,,True,True,,1188,100.0
25,2026-09-22T17:41:48.228+00:00,2026-09-22T17:42:13.400+00:00,2026-09-22T17:44:41.825+00:00,True,1454,1454.0,,1454.0,25172.195059,173596.70731499998,173596.7073,119.39250845942229,0.03904,25172.195059,791.0710290703851,90.6219435,102.15038696214728,440.07488273715336,8.375734900096024,4,5,,True,True,,7515,100.0
26,2026-09-22T17:41:51.194+00:00,2026-09-22T17:42:14.581+00:00,2026-09-22T17:45:02.353+00:00,True,1491,1491.0,,1491.0,23387.885066,191159.55303399998,191159.552885,128.208955657277,21.57425,38763.914356,1250.5693059223338,89.6159335,112.59843487785236,1096.0796220166428,7.799767138683402,4,5,,True,True,,5530,100.0
27,2026-09-22T17:41:54.184+00:00,2026-09-22T17:42:14.582+00:00,2026-09-22T17:44:42.773+00:00,True,1027,1027.0,,1027.0,20398.552195,168589.405571,168589.405495,164.1571621178189,21.32402,53008.216516,1865.9558935263913,89.78259559999998,144.43552960623782,1756.5176680759141,6.09172324038765,4,5,,True,True,,4086,100.0
28,2026-09-22T17:41:58.379+00:00,2026-09-22T17:42:35.778+00:00,2026-09-22T17:44:56.581+00:00,True,1127,1127.0,,1127.0,37398.897451,178201.997355,178201.997323,158.12067198136646,18.140746,55385.113393,1996.1805684078445,85.094739,125.04715799644761,1659.6402716374732,6.324283771942686,4,5,,True,True,,5161,100.0
29,2026-09-22T17:42:01.529+00:00,2026-09-22T17:43:43.723+00:00,2026-09-22T17:45:11.131+00:00,True,1394,1394.0,,1394.0,102193.780971,189601.787627,189601.78748,136.0127600286944,2.5137530000000003,102193.780971,2738.6485774964844,83.38667300000002,62.748030621679824,132.6882295552393,7.352251355047293,4,5,,True,True,,4839,100.0
30,2026-09-22T17:42:06.546+00:00,2026-09-22T17:43:57.170+00:00,2026-09-22T17:45:14.473+00:00,True,1391,1391.0,,1391.0,110623.42222400001,187926.83188800002,187926.83195700002,135.10196402372395,12.085302,110623.42222400001,2964.617974341308,79.87523449999999,55.61396378705036,12.077875870944393,7.401816898765172,4,5,,True,True,,5723,100.0
